[{"model": "sessions.session", "pk": "srn2cyjjd0tcuxscxmlib4rhylfed8ae", "fields": {"session_data": ".eJxVjEEOwiAURO_C2hCgQMGl-56B_A8fqRpISrsy3t026UIzu3lv5s0CbGsJW6clzIldmWSX3w4hPqkeID2g3huPra7LjPxQ-Ek7n1qi1-10_w4K9LKvNYHOaFLGPeCJwEoiFAge7WiNGqSzRBYUoIheGSdidlqYNIwAKrHPFzBcOUU:1vV7hc:UpCMQxpPvtNGFxA_yDMDB1y4E_lQsdjfoyeygiAz4W8", "expire_date": "2025-12-29T12:29:24.995Z"}}, {"model": "token_blacklist.outstandingtoken", "pk": 1, "fields": {"user": 3, "jti": "8ab8acdc6c444931a4b1e3e73aa44bba", "token": "eyJhbGciOiJIUzI1NiIsInR5cCI6IkpXVCJ9.eyJ0b2tlbl90eXBlIjoicmVmcmVzaCIsImV4cCI6MTc2NjQzMTA1NSwiaWF0IjoxNzY1ODI2MjU1LCJqdGkiOiI4YWI4YWNkYzZjNDQ0OTMxYTRiMWUzZTczYWE0NGJiYSIsInVzZXJfaWQiOjN9.AdBFLogFWwDgEcciVN0_-1VTe7PigNY71p_KGC5tlrc", "created_at": "2025-12-15T19:17:35.936Z", "expires_at": "2025-12-22T19:17:35Z"}}, {"model": "token_blacklist.outstandingtoken", "pk": 2, "fields": {"user": 1, "jti": "a9c8575606c5430eb05759fdc6e656c6", "token": "eyJhbGciOiJIUzI1NiIsInR5cCI6IkpXVCJ9.eyJ0b2tlbl90eXBlIjoicmVmcmVzaCIsImV4cCI6MTc2NjQzMjkxMSwiaWF0IjoxNzY1ODI4MTExLCJqdGkiOiJhOWM4NTc1NjA2YzU0MzBlYjA1NzU5ZmRjNmU2NTZjNiIsInVzZXJfaWQiOjF9.jQZqZRI5VSBpPQQ7MsJwJkj1WKvQxX4GkLcjyio9MkQ", "created_at": "2025-12-15T19:48:31.830Z", "expires_at": "2025-12-22T19:48:31Z"}}, {"model": "token_blacklist.outstandingtoken", "pk": 3, "fields": {"user": 1, "jti": "52d3284e4a484e07b1d3210663cc638a", "token": "eyJhbGciOiJIUzI1NiIsInR5cCI6IkpXVCJ9.eyJ0b2tlbl90eXBlIjoicmVmcmVzaCIsImV4cCI6MTc2NjQzMzA2NiwiaWF0IjoxNzY1ODI4MjY2LCJqdGkiOiI1MmQzMjg0ZTRhNDg0ZTA3YjFkMzIxMDY2M2NjNjM4YSIsInVzZXJfaWQiOjF9.H2KrvrAlfJ81cz725wS5KY8axSyjJdX_koUYm9LlkHI", "created_at": "2025-12-15T19:51:06.198Z", "expires_at": "2025-12-22T19:51:06Z"}}, {"model": "token_blacklist.outstandingtoken", "pk": 4, "fields": {"user": 1, "jti": "9683063fefe84751b10ecf00060b6bc0", "token": "eyJhbGciOiJIUzI1NiIsInR5cCI6IkpXVCJ9.eyJ0b2tlbl90eXBlIjoicmVmcmVzaCIsImV4cCI6MTc2NjQzMzE5MiwiaWF0IjoxNzY1ODI4MzkyLCJqdGkiOiI5NjgzMDYzZmVmZTg0NzUxYjEwZWNmMDAwNjBiNmJjMCIsInVzZXJfaWQiOjF9.M6bQHRZ68RIEdACZkzOeqXjQI5v1eClE1dJ21RBR_RI", "created_at": "2025-12-15T19:53:12.805Z", "expires_at": "2025-12-22T19:53:12Z"}}, {"model": "token_blacklist.outstandingtoken", "pk": 5, "fields": {"user": 1, "jti": "7de8d1e3a1ce4de5b18ca10c02ae4a08", "token": "eyJhbGciOiJIUzI1NiIsInR5cCI6IkpXVCJ9.eyJ0b2tlbl90eXBlIjoicmVmcmVzaCIsImV4cCI6MTc2NjU3NzIwNCwiaWF0IjoxNzY1OTcyNDA0LCJqdGkiOiI3ZGU4ZDFlM2ExY2U0ZGU1YjE4Y2ExMGMwMmFlNGEwOCIsInVzZXJfaWQiOjF9._gly-jvsg5PRhkdA9DUcVtA5omADp3X5FhLXP3anopw", "created_at": "2025-12-17T11:53:24.647Z", "expires_at": "2025-12-24T11:53:24Z"}}, {"model": "token_blacklist.outstandingtoken", "pk": 6, "fields": {"user": null, "jti": "ecf499fd24114419a334bb1db6bc5b5b", "token": "eyJhbGciOiJIUzI1NiIsInR5cCI6IkpXVCJ9.eyJ0b2tlbl90eXBlIjoicmVmcmVzaCIsImV4cCI6MTc2NjU4Mzc5NywiaWF0IjoxNzY1OTc4OTk3LCJqdGkiOiJlY2Y0OTlmZDI0MTE0NDE5YTMzNGJiMWRiNmJjNWI1YiIsInVzZXJfaWQiOjF9.kb2uLZc7gDMBA484qcvEiC_7WPyLiNGXkDfq84tvRX8", "created_at": null, "expires_at": "2025-12-24T13:43:17Z"}}, {"model": "token_blacklist.outstandingtoken", "pk": 7, "fields": {"user": 1, "jti": "5a3f3e8a9656478286685ed49915c6ab", "token": "eyJhbGciOiJIUzI1NiIsInR5cCI6IkpXVCJ9.eyJ0b2tlbl90eXBlIjoicmVmcmVzaCIsImV4cCI6MTc2NjU4Mzk3NiwiaWF0IjoxNzY1OTc5MTc2LCJqdGkiOiI1YTNmM2U4YTk2NTY0NzgyODY2ODVlZDQ5OTE1YzZhYiIsInVzZXJfaWQiOjF9.e_7WAjRerCRXztGCb3Mn5BKBFsxHBaL_BJdGfZ1FwvM", "created_at": "2025-12-17T13:46:16.409Z", "expires_at": "2025-12-24T13:46:16Z"}}, {"model": "token_blacklist.outstandingtoken", "pk": 8, "fields": {"user": 3, "jti": "1eab780d711e44a0b83203b5b8e0326e", "token": "eyJhbGciOiJIUzI1NiIsInR5cCI6IkpXVCJ9.eyJ0b2tlbl90eXBlIjoicmVmcmVzaCIsImV4cCI6MTc2NjYwMTA4MCwiaWF0IjoxNzY1OTk2MjgwLCJqdGkiOiIxZWFiNzgwZDcxMWU0NGEwYjgzMjAzYjViOGUwMzI2ZSIsInVzZXJfaWQiOjN9.qWw6P9U-uUtVabxN1c_PEmzZVwM-rzT6dDCWtfnV6gE", "created_at": "2025-12-17T18:31:20.917Z", "expires_at": "2025-12-24T18:31:20Z"}}, {"model": "token_blacklist.outstandingtoken", "pk": 9, "fields": {"user": 1, "jti": "faafc1143cc84c168af8b62033a79295", "token": "eyJhbGciOiJIUzI1NiIsInR5cCI6IkpXVCJ9.eyJ0b2tlbl90eXBlIjoicmVmcmVzaCIsImV4cCI6MTc2NjYwMjAzMiwiaWF0IjoxNzY1OTk3MjMyLCJqdGkiOiJmYWFmYzExNDNjYzg0YzE2OGFmOGI2MjAzM2E3OTI5NSIsInVzZXJfaWQiOjF9.OeaDvTCtaD2NlnwhMGllqaYcaXKwO65rm9KUy2taz7I", "created_at": "2025-12-17T18:47:12.008Z", "expires_at": "2025-12-24T18:47:12Z"}}, {"model": "token_blacklist.outstandingtoken", "pk": 10, "fields": {"user": 5, "jti": "6445ad40b7a04db7a52d88daf68502bf", "token": "eyJhbGciOiJIUzI1NiIsInR5cCI6IkpXVCJ9.eyJ0b2tlbl90eXBlIjoicmVmcmVzaCIsImV4cCI6MTc2NjYwMjI5MywiaWF0IjoxNzY1OTk3NDkzLCJqdGkiOiI2NDQ1YWQ0MGI3YTA0ZGI3YTUyZDg4ZGFmNjg1MDJiZiIsInVzZXJfaWQiOjV9.GHafz94WGa_qQhb-RxHlsSAvYLJORWS4M3b0Njz4Q8E", "created_at": "2025-12-17T18:51:33.318Z", "expires_at": "2025-12-24T18:51:33Z"}}, {"model": "token_blacklist.outstandingtoken", "pk": 11, "fields": {"user": null, "jti": "b69cce0827ea4ae387d003218a0fb7be", "token": "eyJhbGciOiJIUzI1NiIsInR5cCI6IkpXVCJ9.eyJ0b2tlbl90eXBlIjoicmVmcmVzaCIsImV4cCI6MTc2NjYwNDUxOSwiaWF0IjoxNzY1OTk5NzE5LCJqdGkiOiJiNjljY2UwODI3ZWE0YWUzODdkMDAzMjE4YTBmYjdiZSIsInVzZXJfaWQiOjV9.VkDWp9YaM2PJ9w65zxrubdFBZWDrGW-rigl9nTE7_wA", "created_at": null, "expires_at": "2025-12-24T19:28:39Z"}}, {"model": "token_blacklist.outstandingtoken", "pk": 12, "fields": {"user": 5, "jti": "5e0b34010ba04898a4d0047b1e9e90e0", "token": "eyJhbGciOiJIUzI1NiIsInR5cCI6IkpXVCJ9.eyJ0b2tlbl90eXBlIjoicmVmcmVzaCIsImV4cCI6MTc2NjYwNzU3NywiaWF0IjoxNzY2MDAyNzc3LCJqdGkiOiI1ZTBiMzQwMTBiYTA0ODk4YTRkMDA0N2IxZTllOTBlMCIsInVzZXJfaWQiOjV9.Qp6E_w4ZWKZ7-suaitxVP2692U66sHLpJjxfVkMX6p0", "created_at": "2025-12-17T20:19:37.489Z", "expires_at": "2025-12-24T20:19:37Z"}}, {"model": "token_blacklist.outstandingtoken", "pk": 13, "fields": {"user": 1, "jti": "62d815d408d14e58ad1cb4d2264972bf", "token": "eyJhbGciOiJIUzI1NiIsInR5cCI6IkpXVCJ9.eyJ0b2tlbl90eXBlIjoicmVmcmVzaCIsImV4cCI6MTc2NjYxMTM5MSwiaWF0IjoxNzY2MDA2NTkxLCJqdGkiOiI2MmQ4MTVkNDA4ZDE0ZTU4YWQxY2I0ZDIyNjQ5NzJiZiIsInVzZXJfaWQiOjF9.YcFcbSUTp7-X_CnmvHGC4winYC7UtdAi0SDwyfnWIzo", "created_at": "2025-12-17T21:23:11.923Z", "expires_at": "2025-12-24T21:23:11Z"}}, {"model": "token_blacklist.outstandingtoken", "pk": 14, "fields": {"user": 5, "jti": "17e8c34e97bd4cbdb499c22159646711", "token": "eyJhbGciOiJIUzI1NiIsInR5cCI6IkpXVCJ9.eyJ0b2tlbl90eXBlIjoicmVmcmVzaCIsImV4cCI6MTc2NjYxMTUzMCwiaWF0IjoxNzY2MDA2NzMwLCJqdGkiOiIxN2U4YzM0ZTk3YmQ0Y2JkYjQ5OWMyMjE1OTY0NjcxMSIsInVzZXJfaWQiOjV9.ploAAsefxjuiv9Ri4O9Byeu8zWwIJaa1_hexSrozSvo", "created_at": "2025-12-17T21:25:30.352Z", "expires_at": "2025-12-24T21:25:30Z"}}, {"model": "token_blacklist.outstandingtoken", "pk": 15, "fields": {"user": 6, "jti": "64b1df2c8a5a43a48f90366a9dc66c09", "token": "eyJhbGciOiJIUzI1NiIsInR5cCI6IkpXVCJ9.eyJ0b2tlbl90eXBlIjoicmVmcmVzaCIsImV4cCI6MTc2NjY1NTc4NiwiaWF0IjoxNzY2MDUwOTg2LCJqdGkiOiI2NGIxZGYyYzhhNWE0M2E0OGY5MDM2NmE5ZGM2NmMwOSIsInVzZXJfaWQiOjZ9.I1EZj5RtxNPw_tIdbHdgrqOUK_CUwN0Qc8NZKAyGVpQ", "created_at": "2025-12-18T09:43:06.963Z", "expires_at": "2025-12-25T09:43:06Z"}}, {"model": "token_blacklist.outstandingtoken", "pk": 16, "fields": {"user": 1, "jti": "66fb00b200be416e993dd8c8768e4c35", "token": "eyJhbGciOiJIUzI1NiIsInR5cCI6IkpXVCJ9.eyJ0b2tlbl90eXBlIjoicmVmcmVzaCIsImV4cCI6MTc2NjY1NjE5OCwiaWF0IjoxNzY2MDUxMzk4LCJqdGkiOiI2NmZiMDBiMjAwYmU0MTZlOTkzZGQ4Yzg3NjhlNGMzNSIsInVzZXJfaWQiOjF9.XMiyUVdK3Hhqtn9j4FL21SgMRvmLLKtC_rLkPWwubZY", "created_at": "2025-12-18T09:49:58.170Z", "expires_at": "2025-12-25T09:49:58Z"}}, {"model": "token_blacklist.outstandingtoken", "pk": 17, "fields": {"user": 1, "jti": "2ca8c8511ef940b5b9ae7c0c0a2ef892", "token": "eyJhbGciOiJIUzI1NiIsInR5cCI6IkpXVCJ9.eyJ0b2tlbl90eXBlIjoicmVmcmVzaCIsImV4cCI6MTc2NzM1NzgwMSwiaWF0IjoxNzY2NzUzMDAxLCJqdGkiOiIyY2E4Yzg1MTFlZjk0MGI1YjlhZTdjMGMwYTJlZjg5MiIsInVzZXJfaWQiOjF9.V9IiZFKO5Hdhs5n9WLoSjIG71HmNJ0YDCfaW9_GnWuc", "created_at": "2025-12-26T12:43:21.587Z", "expires_at": "2026-01-02T12:43:21Z"}}, {"model": "token_blacklist.outstandingtoken", "pk": 18, "fields": {"user": 7, "jti": "e1bcb1f5fcb642f196f3171ffd1bec5d", "token": "eyJhbGciOiJIUzI1NiIsInR5cCI6IkpXVCJ9.eyJ0b2tlbl90eXBlIjoicmVmcmVzaCIsImV4cCI6MTc2NzM2MDAxNywiaWF0IjoxNzY2NzU1MjE3LCJqdGkiOiJlMWJjYjFmNWZjYjY0MmYxOTZmMzE3MWZmZDFiZWM1ZCIsInVzZXJfaWQiOjd9.OZBIxNxc1mOh3QUXdhg_ymdvMh6PguzO6iA81WxgVJw", "created_at": "2025-12-26T13:20:17.524Z", "expires_at": "2026-01-02T13:20:17Z"}}, {"model": "token_blacklist.outstandingtoken", "pk": 19, "fields": {"user": 7, "jti": "4b53ee14b458424e9629640c5f9faa2b", "token": "eyJhbGciOiJIUzI1NiIsInR5cCI6IkpXVCJ9.eyJ0b2tlbl90eXBlIjoicmVmcmVzaCIsImV4cCI6MTc2NzM2MDI1NSwiaWF0IjoxNzY2NzU1NDU1LCJqdGkiOiI0YjUzZWUxNGI0NTg0MjRlOTYyOTY0MGM1ZjlmYWEyYiIsInVzZXJfaWQiOjd9.-ElpaXGZxJC5NDwPB77mgln5lc50XDx5Ml7rGjwzX0M", "created_at": "2025-12-26T13:24:15.385Z", "expires_at": "2026-01-02T13:24:15Z"}}, {"model": "token_blacklist.outstandingtoken", "pk": 20, "fields": {"user": 7, "jti": "18685cfa740d4534a4dbcc68a5eb18f1", "token": "eyJhbGciOiJIUzI1NiIsInR5cCI6IkpXVCJ9.eyJ0b2tlbl90eXBlIjoicmVmcmVzaCIsImV4cCI6MTc2NzM5NDYxNCwiaWF0IjoxNzY2Nzg5ODE0LCJqdGkiOiIxODY4NWNmYTc0MGQ0NTM0YTRkYmNjNjhhNWViMThmMSIsInVzZXJfaWQiOjd9.zZ5zpPWLHfhpNdlWCQLmESzKXIPAolRD07hY9QV6UsU", "created_at": "2025-12-26T22:56:54.120Z", "expires_at": "2026-01-02T22:56:54Z"}}, {"model": "token_blacklist.outstandingtoken", "pk": 21, "fields": {"user": 7, "jti": "de7454c580ad42999f0cf83ace5ea6d5", "token": "eyJhbGciOiJIUzI1NiIsInR5cCI6IkpXVCJ9.eyJ0b2tlbl90eXBlIjoicmVmcmVzaCIsImV4cCI6MTc2NzM5NDY4OCwiaWF0IjoxNzY2Nzg5ODg4LCJqdGkiOiJkZTc0NTRjNTgwYWQ0Mjk5OWYwY2Y4M2FjZTVlYTZkNSIsInVzZXJfaWQiOjd9.S-qXrquM4tJVmtrIJUIEJEtRBQV7EsSIMHgPPPTOj_o", "created_at": "2025-12-26T22:58:08.576Z", "expires_at": "2026-01-02T22:58:08Z"}}, {"model": "token_blacklist.outstandingtoken", "pk": 22, "fields": {"user": 1, "jti": "c632a50e2fb24e8296312780ebb13642", "token": "eyJhbGciOiJIUzI1NiIsInR5cCI6IkpXVCJ9.eyJ0b2tlbl90eXBlIjoicmVmcmVzaCIsImV4cCI6MTc2NzM5Njg4OCwiaWF0IjoxNzY2NzkyMDg4LCJqdGkiOiJjNjMyYTUwZTJmYjI0ZTgyOTYzMTI3ODBlYmIxMzY0MiIsInVzZXJfaWQiOjF9.CZfOiwfDiYakgZd1dWZ76DLZepXUS8P_WAOxDOLDktg", "created_at": "2025-12-26T23:34:48.272Z", "expires_at": "2026-01-02T23:34:48Z"}}, {"model": "token_blacklist.outstandingtoken", "pk": 23, "fields": {"user": 7, "jti": "557c1044bf8243d782c49a782d111538", "token": "eyJhbGciOiJIUzI1NiIsInR5cCI6IkpXVCJ9.eyJ0b2tlbl90eXBlIjoicmVmcmVzaCIsImV4cCI6MTc2NzQwMDYxMiwiaWF0IjoxNzY2Nzk1ODEyLCJqdGkiOiI1NTdjMTA0NGJmODI0M2Q3ODJjNDlhNzgyZDExMTUzOCIsInVzZXJfaWQiOjd9.0rk2TzqWUogXMXOdd0JHf_ai8OZRBQgqqxpcIms6WEg", "created_at": "2025-12-27T00:36:52.105Z", "expires_at": "2026-01-03T00:36:52Z"}}, {"model": "token_blacklist.outstandingtoken", "pk": 24, "fields": {"user": 7, "jti": "e8f4594f2ca2413bb17dc3f7081bd029", "token": "eyJhbGciOiJIUzI1NiIsInR5cCI6IkpXVCJ9.eyJ0b2tlbl90eXBlIjoicmVmcmVzaCIsImV4cCI6MTc2NzQwMDY2NywiaWF0IjoxNzY2Nzk1ODY3LCJqdGkiOiJlOGY0NTk0ZjJjYTI0MTNiYjE3ZGMzZjcwODFiZDAyOSIsInVzZXJfaWQiOjd9.W-nQmScvsPE3-7DKLzwdSvYzcpNSfIOI96KF0arBya4", "created_at": "2025-12-27T00:37:47.661Z", "expires_at": "2026-01-03T00:37:47Z"}}, {"model": "token_blacklist.outstandingtoken", "pk": 25, "fields": {"user": 7, "jti": "5213482fa29841058f4ffb8141d47a6e", "token": "eyJhbGciOiJIUzI1NiIsInR5cCI6IkpXVCJ9.eyJ0b2tlbl90eXBlIjoicmVmcmVzaCIsImV4cCI6MTc2NzQwMDc1NCwiaWF0IjoxNzY2Nzk1OTU0LCJqdGkiOiI1MjEzNDgyZmEyOTg0MTA1OGY0ZmZiODE0MWQ0N2E2ZSIsInVzZXJfaWQiOjd9.L6gJCUgvawUgjXbiASBhSUDG4Q7JL6YD9RY8RzsT5fo", "created_at": "2025-12-27T00:39:14.760Z", "expires_at": "2026-01-03T00:39:14Z"}}, {"model": "token_blacklist.outstandingtoken", "pk": 26, "fields": {"user": 7, "jti": "77152000ab1a43a99a1c1f688d06af38", "token": "eyJhbGciOiJIUzI1NiIsInR5cCI6IkpXVCJ9.eyJ0b2tlbl90eXBlIjoicmVmcmVzaCIsImV4cCI6MTc2NzQwMDc5MywiaWF0IjoxNzY2Nzk1OTkzLCJqdGkiOiI3NzE1MjAwMGFiMWE0M2E5OWExYzFmNjg4ZDA2YWYzOCIsInVzZXJfaWQiOjd9.PWFjlGwXxDuuc1wL0h4duVOWz5SDDTcRi61F2hWYAao", "created_at": "2025-12-27T00:39:53.280Z", "expires_at": "2026-01-03T00:39:53Z"}}, {"model": "token_blacklist.outstandingtoken", "pk": 27, "fields": {"user": 7, "jti": "59cc243775654d398cd10253a6d2e5e3", "token": "eyJhbGciOiJIUzI1NiIsInR5cCI6IkpXVCJ9.eyJ0b2tlbl90eXBlIjoicmVmcmVzaCIsImV4cCI6MTc2NzQwMTAwMSwiaWF0IjoxNzY2Nzk2MjAxLCJqdGkiOiI1OWNjMjQzNzc1NjU0ZDM5OGNkMTAyNTNhNmQyZTVlMyIsInVzZXJfaWQiOjd9.ON4dOHo2NSHs6FmmVFuW_6AQjtmi7ZAS6MLWEKXAvkg", "created_at": "2025-12-27T00:43:21.445Z", "expires_at": "2026-01-03T00:43:21Z"}}, {"model": "token_blacklist.outstandingtoken", "pk": 28, "fields": {"user": 7, "jti": "cc8ecba36eb14881aaeee0bc852b4255", "token": "eyJhbGciOiJIUzI1NiIsInR5cCI6IkpXVCJ9.eyJ0b2tlbl90eXBlIjoicmVmcmVzaCIsImV4cCI6MTc2NzQwMTA0NCwiaWF0IjoxNzY2Nzk2MjQ0LCJqdGkiOiJjYzhlY2JhMzZlYjE0ODgxYWFlZWUwYmM4NTJiNDI1NSIsInVzZXJfaWQiOjd9.jB-hhOtpaAH2tZUoQ_xzXgyBz_tu0Rr0e96TFBwVBH4", "created_at": "2025-12-27T00:44:04.868Z", "expires_at": "2026-01-03T00:44:04Z"}}, {"model": "token_blacklist.outstandingtoken", "pk": 29, "fields": {"user": 7, "jti": "35f1459bc28c44b986af5267f35e4fe9", "token": "eyJhbGciOiJIUzI1NiIsInR5cCI6IkpXVCJ9.eyJ0b2tlbl90eXBlIjoicmVmcmVzaCIsImV4cCI6MTc2NzQwMTIxNywiaWF0IjoxNzY2Nzk2NDE3LCJqdGkiOiIzNWYxNDU5YmMyOGM0NGI5ODZhZjUyNjdmMzVlNGZlOSIsInVzZXJfaWQiOjd9.ox8KIM6IckXIspODzbZ3lFeg6xckH8j26pwcNwIzjEQ", "created_at": "2025-12-27T00:46:57.173Z", "expires_at": "2026-01-03T00:46:57Z"}}, {"model": "token_blacklist.outstandingtoken", "pk": 30, "fields": {"user": 7, "jti": "4b22d04a80f64fc8b5ade57771b7435b", "token": "eyJhbGciOiJIUzI1NiIsInR5cCI6IkpXVCJ9.eyJ0b2tlbl90eXBlIjoicmVmcmVzaCIsImV4cCI6MTc2NzQwMTI1MSwiaWF0IjoxNzY2Nzk2NDUxLCJqdGkiOiI0YjIyZDA0YTgwZjY0ZmM4YjVhZGU1Nzc3MWI3NDM1YiIsInVzZXJfaWQiOjd9.Mhlsh7qp9GuBgvcevhIDTVfCleueyT2yfBpIehhnZg8", "created_at": "2025-12-27T00:47:31.545Z", "expires_at": "2026-01-03T00:47:31Z"}}, {"model": "token_blacklist.outstandingtoken", "pk": 31, "fields": {"user": 7, "jti": "18b97f9f3e464d28aaa4da09a2c1c087", "token": "eyJhbGciOiJIUzI1NiIsInR5cCI6IkpXVCJ9.eyJ0b2tlbl90eXBlIjoicmVmcmVzaCIsImV4cCI6MTc2NzQwMjEzMCwiaWF0IjoxNzY2Nzk3MzMwLCJqdGkiOiIxOGI5N2Y5ZjNlNDY0ZDI4YWFhNGRhMDlhMmMxYzA4NyIsInVzZXJfaWQiOjd9.Yg5hnusxoaPWoxTuf-YkzWYpLED8hd0hXQZrqcyFlm4", "created_at": "2025-12-27T01:02:10.271Z", "expires_at": "2026-01-03T01:02:10Z"}}, {"model": "token_blacklist.outstandingtoken", "pk": 32, "fields": {"user": 7, "jti": "5a41fa7a550e42f48876a75e7f08d6b6", "token": "eyJhbGciOiJIUzI1NiIsInR5cCI6IkpXVCJ9.eyJ0b2tlbl90eXBlIjoicmVmcmVzaCIsImV4cCI6MTc2NzQwMjE1MiwiaWF0IjoxNzY2Nzk3MzUyLCJqdGkiOiI1YTQxZmE3YTU1MGU0MmY0ODg3NmE3NWU3ZjA4ZDZiNiIsInVzZXJfaWQiOjd9.RhAqfFVB2Ah9m2DeoK0AZpk-6r7AF1hOHr03Xf7Gap4", "created_at": "2025-12-27T01:02:32.434Z", "expires_at": "2026-01-03T01:02:32Z"}}, {"model": "token_blacklist.outstandingtoken", "pk": 33, "fields": {"user": 7, "jti": "882a4e199c3b4baf905ab32a179ac720", "token": "eyJhbGciOiJIUzI1NiIsInR5cCI6IkpXVCJ9.eyJ0b2tlbl90eXBlIjoicmVmcmVzaCIsImV4cCI6MTc2NzQwMjIwMCwiaWF0IjoxNzY2Nzk3NDAwLCJqdGkiOiI4ODJhNGUxOTljM2I0YmFmOTA1YWIzMmExNzlhYzcyMCIsInVzZXJfaWQiOjd9.TlKxFUszjOsfrgu58tHVKWYMQ34WAxrCJ9jCCVycxZE", "created_at": "2025-12-27T01:03:20.963Z", "expires_at": "2026-01-03T01:03:20Z"}}, {"model": "token_blacklist.outstandingtoken", "pk": 34, "fields": {"user": 7, "jti": "cfde6fcca1b649c7b541b052a5c29950", "token": "eyJhbGciOiJIUzI1NiIsInR5cCI6IkpXVCJ9.eyJ0b2tlbl90eXBlIjoicmVmcmVzaCIsImV4cCI6MTc2NzQwMjQ2NywiaWF0IjoxNzY2Nzk3NjY3LCJqdGkiOiJjZmRlNmZjY2ExYjY0OWM3YjU0MWIwNTJhNWMyOTk1MCIsInVzZXJfaWQiOjd9.bPPqpFSmOuMM0EGTHVy7pqqSqAduxJIwuwAYQXuS0E4", "created_at": "2025-12-27T01:07:47.267Z", "expires_at": "2026-01-03T01:07:47Z"}}, {"model": "token_blacklist.outstandingtoken", "pk": 35, "fields": {"user": 7, "jti": "56d709f1ab534d6d9afd183a46a72ffe", "token": "eyJhbGciOiJIUzI1NiIsInR5cCI6IkpXVCJ9.eyJ0b2tlbl90eXBlIjoicmVmcmVzaCIsImV4cCI6MTc2NzQwMjUzNSwiaWF0IjoxNzY2Nzk3NzM1LCJqdGkiOiI1NmQ3MDlmMWFiNTM0ZDZkOWFmZDE4M2E0NmE3MmZmZSIsInVzZXJfaWQiOjd9.2XTY_NfINFDybjh3dqY5lMlCt_mH_paGHDD0JpGqsjo", "created_at": "2025-12-27T01:08:55.747Z", "expires_at": "2026-01-03T01:08:55Z"}}, {"model": "token_blacklist.outstandingtoken", "pk": 36, "fields": {"user": 7, "jti": "ddf6397ce921419dad6009c2bee4724b", "token": "eyJhbGciOiJIUzI1NiIsInR5cCI6IkpXVCJ9.eyJ0b2tlbl90eXBlIjoicmVmcmVzaCIsImV4cCI6MTc2NzQwMjU2NSwiaWF0IjoxNzY2Nzk3NzY1LCJqdGkiOiJkZGY2Mzk3Y2U5MjE0MTlkYWQ2MDA5YzJiZWU0NzI0YiIsInVzZXJfaWQiOjd9.sRLnMyOqLW4W6CaQyS3nWL8-aJRjcd53obV4uJ7rYfo", "created_at": "2025-12-27T01:09:25.368Z", "expires_at": "2026-01-03T01:09:25Z"}}, {"model": "token_blacklist.outstandingtoken", "pk": 37, "fields": {"user": 7, "jti": "4973da7ae9fb4bffbe8a45da004317c8", "token": "eyJhbGciOiJIUzI1NiIsInR5cCI6IkpXVCJ9.eyJ0b2tlbl90eXBlIjoicmVmcmVzaCIsImV4cCI6MTc2NzQwMzA0OCwiaWF0IjoxNzY2Nzk4MjQ4LCJqdGkiOiI0OTczZGE3YWU5ZmI0YmZmYmU4YTQ1ZGEwMDQzMTdjOCIsInVzZXJfaWQiOjd9.TwIwFwiImlYTU7ZEXCZ9I2RIRqsTMkc1zjUXgAdcc2k", "created_at": "2025-12-27T01:17:28.341Z", "expires_at": "2026-01-03T01:17:28Z"}}, {"model": "token_blacklist.outstandingtoken", "pk": 38, "fields": {"user": 7, "jti": "9b33ab64aebd4e86a91551284c1cb9a0", "token": "eyJhbGciOiJIUzI1NiIsInR5cCI6IkpXVCJ9.eyJ0b2tlbl90eXBlIjoicmVmcmVzaCIsImV4cCI6MTc2NzQwMzA2OCwiaWF0IjoxNzY2Nzk4MjY4LCJqdGkiOiI5YjMzYWI2NGFlYmQ0ZTg2YTkxNTUxMjg0YzFjYjlhMCIsInVzZXJfaWQiOjd9.H-mD7pRc9hUA74t_W8ekbnPyCGWFTxRnJLX1oW8D81U", "created_at": "2025-12-27T01:17:48.472Z", "expires_at": "2026-01-03T01:17:48Z"}}, {"model": "token_blacklist.outstandingtoken", "pk": 39, "fields": {"user": 7, "jti": "fdf31e65b0314d0b909b3fbef07794b5", "token": "eyJhbGciOiJIUzI1NiIsInR5cCI6IkpXVCJ9.eyJ0b2tlbl90eXBlIjoicmVmcmVzaCIsImV4cCI6MTc2NzQwMzE0MywiaWF0IjoxNzY2Nzk4MzQzLCJqdGkiOiJmZGYzMWU2NWIwMzE0ZDBiOTA5YjNmYmVmMDc3OTRiNSIsInVzZXJfaWQiOjd9.usAhVOC4JJ6t24fg9ZOspqexXyRFMuwRCU0kr-Y1tb4", "created_at": "2025-12-27T01:19:03.591Z", "expires_at": "2026-01-03T01:19:03Z"}}, {"model": "token_blacklist.outstandingtoken", "pk": 40, "fields": {"user": 7, "jti": "2664e7f5b6bc499781dc8f248bd48c54", "token": "eyJhbGciOiJIUzI1NiIsInR5cCI6IkpXVCJ9.eyJ0b2tlbl90eXBlIjoicmVmcmVzaCIsImV4cCI6MTc2NzQwMzIwOSwiaWF0IjoxNzY2Nzk4NDA5LCJqdGkiOiIyNjY0ZTdmNWI2YmM0OTk3ODFkYzhmMjQ4YmQ0OGM1NCIsInVzZXJfaWQiOjd9.vlEZ_I46TnLiT5VTwQjvqrgMitNFiIDKBu-hZ-PlYLc", "created_at": "2025-12-27T01:20:09.360Z", "expires_at": "2026-01-03T01:20:09Z"}}, {"model": "token_blacklist.outstandingtoken", "pk": 41, "fields": {"user": 7, "jti": "ce9e529d76f547a591cd29ba1b0e9d52", "token": "eyJhbGciOiJIUzI1NiIsInR5cCI6IkpXVCJ9.eyJ0b2tlbl90eXBlIjoicmVmcmVzaCIsImV4cCI6MTc2NzQwMzI1NSwiaWF0IjoxNzY2Nzk4NDU1LCJqdGkiOiJjZTllNTI5ZDc2ZjU0N2E1OTFjZDI5YmExYjBlOWQ1MiIsInVzZXJfaWQiOjd9.jt_HZTz6wbhhrzCzqPnxmsa4OYpfD0udaF0dKLhiVQo", "created_at": "2025-12-27T01:20:55.163Z", "expires_at": "2026-01-03T01:20:55Z"}}, {"model": "token_blacklist.outstandingtoken", "pk": 42, "fields": {"user": 7, "jti": "d5959ebdf76f405d83af8a99ccd4f130", "token": "eyJhbGciOiJIUzI1NiIsInR5cCI6IkpXVCJ9.eyJ0b2tlbl90eXBlIjoicmVmcmVzaCIsImV4cCI6MTc2NzQwMzc5MSwiaWF0IjoxNzY2Nzk4OTkxLCJqdGkiOiJkNTk1OWViZGY3NmY0MDVkODNhZjhhOTljY2Q0ZjEzMCIsInVzZXJfaWQiOjd9.V_szhqzxBDZdJ0GOnBgfcKbBvoUoZiN3A_6BMg5UWlQ", "created_at": "2025-12-27T01:29:51.074Z", "expires_at": "2026-01-03T01:29:51Z"}}, {"model": "token_blacklist.outstandingtoken", "pk": 43, "fields": {"user": 7, "jti": "7a10b24971dc451ca44555e1de4cd435", "token": "eyJhbGciOiJIUzI1NiIsInR5cCI6IkpXVCJ9.eyJ0b2tlbl90eXBlIjoicmVmcmVzaCIsImV4cCI6MTc2NzQwMzgzMiwiaWF0IjoxNzY2Nzk5MDMyLCJqdGkiOiI3YTEwYjI0OTcxZGM0NTFjYTQ0NTU1ZTFkZTRjZDQzNSIsInVzZXJfaWQiOjd9.E0cA5hkgWGJH2tbq_em4QuiF8zOToPopd9i02uZsLZk", "created_at": "2025-12-27T01:30:32.873Z", "expires_at": "2026-01-03T01:30:32Z"}}, {"model": "token_blacklist.outstandingtoken", "pk": 44, "fields": {"user": 7, "jti": "927a7160270c49a79248b235c644899c", "token": "eyJhbGciOiJIUzI1NiIsInR5cCI6IkpXVCJ9.eyJ0b2tlbl90eXBlIjoicmVmcmVzaCIsImV4cCI6MTc2NzQwMzg4NywiaWF0IjoxNzY2Nzk5MDg3LCJqdGkiOiI5MjdhNzE2MDI3MGM0OWE3OTI0OGIyMzVjNjQ0ODk5YyIsInVzZXJfaWQiOjd9.t00I6b_lQPkoDf21ajzTARFYjO2QuZIjdQZKScolFuU", "created_at": "2025-12-27T01:31:27.472Z", "expires_at": "2026-01-03T01:31:27Z"}}, {"model": "token_blacklist.outstandingtoken", "pk": 45, "fields": {"user": 7, "jti": "272a8c922e3646319aaaf14aa8e41be9", "token": "eyJhbGciOiJIUzI1NiIsInR5cCI6IkpXVCJ9.eyJ0b2tlbl90eXBlIjoicmVmcmVzaCIsImV4cCI6MTc2NzQwMzkzNywiaWF0IjoxNzY2Nzk5MTM3LCJqdGkiOiIyNzJhOGM5MjJlMzY0NjMxOWFhYWYxNGFhOGU0MWJlOSIsInVzZXJfaWQiOjd9.eErTZ9E2aVDG33qC3vCAiM9jJDLr-g9YHRemFe4MSzo", "created_at": "2025-12-27T01:32:17.264Z", "expires_at": "2026-01-03T01:32:17Z"}}, {"model": "token_blacklist.outstandingtoken", "pk": 46, "fields": {"user": 7, "jti": "338a1ed092d547a19bff8e7207edc0a7", "token": "eyJhbGciOiJIUzI1NiIsInR5cCI6IkpXVCJ9.eyJ0b2tlbl90eXBlIjoicmVmcmVzaCIsImV4cCI6MTc2NzQwMzk3NCwiaWF0IjoxNzY2Nzk5MTc0LCJqdGkiOiIzMzhhMWVkMDkyZDU0N2ExOWJmZjhlNzIwN2VkYzBhNyIsInVzZXJfaWQiOjd9.82rLMJYT3fvZDUoa5iOAnFo-ixa0nDeMpfZy_iAAcMk", "created_at": "2025-12-27T01:32:54.355Z", "expires_at": "2026-01-03T01:32:54Z"}}, {"model": "token_blacklist.outstandingtoken", "pk": 47, "fields": {"user": 7, "jti": "7854cc10741a4cebb06596dfaa39a329", "token": "eyJhbGciOiJIUzI1NiIsInR5cCI6IkpXVCJ9.eyJ0b2tlbl90eXBlIjoicmVmcmVzaCIsImV4cCI6MTc2NzQwNDQ0MiwiaWF0IjoxNzY2Nzk5NjQyLCJqdGkiOiI3ODU0Y2MxMDc0MWE0Y2ViYjA2NTk2ZGZhYTM5YTMyOSIsInVzZXJfaWQiOjd9.nweu-ZOCdF-xaxjt6jo0CWFxwkyjUEmjnMCQnwFO0u8", "created_at": "2025-12-27T01:40:42.606Z", "expires_at": "2026-01-03T01:40:42Z"}}, {"model": "token_blacklist.outstandingtoken", "pk": 48, "fields": {"user": 7, "jti": "0394c62de5dd447fb9b7e3c5e477d22e", "token": "eyJhbGciOiJIUzI1NiIsInR5cCI6IkpXVCJ9.eyJ0b2tlbl90eXBlIjoicmVmcmVzaCIsImV4cCI6MTc2NzQyNzAyNiwiaWF0IjoxNzY2ODIyMjI2LCJqdGkiOiIwMzk0YzYyZGU1ZGQ0NDdmYjliN2UzYzVlNDc3ZDIyZSIsInVzZXJfaWQiOjd9.ydlPieKHQ-_kTRlnDjHwvGPR6GIa_nR9J8q9Xkw61h8", "created_at": "2025-12-27T07:57:06.625Z", "expires_at": "2026-01-03T07:57:06Z"}}, {"model": "token_blacklist.outstandingtoken", "pk": 49, "fields": {"user": 7, "jti": "d51a0f7600bd442088e67ba703a230b0", "token": "eyJhbGciOiJIUzI1NiIsInR5cCI6IkpXVCJ9.eyJ0b2tlbl90eXBlIjoicmVmcmVzaCIsImV4cCI6MTc2NzQyNzEwMiwiaWF0IjoxNzY2ODIyMzAyLCJqdGkiOiJkNTFhMGY3NjAwYmQ0NDIwODhlNjdiYTcwM2EyMzBiMCIsInVzZXJfaWQiOjd9.vIllQMXJAAtZ8uCxuJM_uBxMvLVWTffF_1BGQ1GnkDs", "created_at": "2025-12-27T07:58:22.581Z", "expires_at": "2026-01-03T07:58:22Z"}}, {"model": "token_blacklist.outstandingtoken", "pk": 50, "fields": {"user": 7, "jti": "cd2146631ed6491e815c15a26523515d", "token": "eyJhbGciOiJIUzI1NiIsInR5cCI6IkpXVCJ9.eyJ0b2tlbl90eXBlIjoicmVmcmVzaCIsImV4cCI6MTc2NzQyNzE0NywiaWF0IjoxNzY2ODIyMzQ3LCJqdGkiOiJjZDIxNDY2MzFlZDY0OTFlODE1YzE1YTI2NTIzNTE1ZCIsInVzZXJfaWQiOjd9.O6Ba0s4j3818VRHdumPsxTg7-Mcq7JLsG6KLtaaKXnY", "created_at": "2025-12-27T07:59:07.004Z", "expires_at": "2026-01-03T07:59:07Z"}}, {"model": "token_blacklist.outstandingtoken", "pk": 51, "fields": {"user": 7, "jti": "b413ed421554437083d13f232303eee9", "token": "eyJhbGciOiJIUzI1NiIsInR5cCI6IkpXVCJ9.eyJ0b2tlbl90eXBlIjoicmVmcmVzaCIsImV4cCI6MTc2NzQyNzMwMSwiaWF0IjoxNzY2ODIyNTAxLCJqdGkiOiJiNDEzZWQ0MjE1NTQ0MzcwODNkMTNmMjMyMzAzZWVlOSIsInVzZXJfaWQiOjd9.jBOFxarjbFvdhhyk4NdEjm382A8-86SkRtPqm5RXhmk", "created_at": "2025-12-27T08:01:41.612Z", "expires_at": "2026-01-03T08:01:41Z"}}, {"model": "token_blacklist.outstandingtoken", "pk": 52, "fields": {"user": 7, "jti": "032471d8055c4f789a86e74c97109337", "token": "eyJhbGciOiJIUzI1NiIsInR5cCI6IkpXVCJ9.eyJ0b2tlbl90eXBlIjoicmVmcmVzaCIsImV4cCI6MTc2NzQyNzMzMiwiaWF0IjoxNzY2ODIyNTMyLCJqdGkiOiIwMzI0NzFkODA1NWM0Zjc4OWE4NmU3NGM5NzEwOTMzNyIsInVzZXJfaWQiOjd9.Yi2lS2uf7EevH0jKQgKsugCbndWentxzkmKJgRNKJ9U", "created_at": "2025-12-27T08:02:12.295Z", "expires_at": "2026-01-03T08:02:12Z"}}, {"model": "token_blacklist.outstandingtoken", "pk": 53, "fields": {"user": 7, "jti": "42e565a7d6254b2eb145a8aaf8758343", "token": "eyJhbGciOiJIUzI1NiIsInR5cCI6IkpXVCJ9.eyJ0b2tlbl90eXBlIjoicmVmcmVzaCIsImV4cCI6MTc2NzQyNzg3OSwiaWF0IjoxNzY2ODIzMDc5LCJqdGkiOiI0MmU1NjVhN2Q2MjU0YjJlYjE0NWE4YWFmODc1ODM0MyIsInVzZXJfaWQiOjd9.L44ZWf4p7YiBL7eJleu23XGFLzq821HQ8nv3M497_PQ", "created_at": "2025-12-27T08:11:19.384Z", "expires_at": "2026-01-03T08:11:19Z"}}, {"model": "token_blacklist.outstandingtoken", "pk": 54, "fields": {"user": 7, "jti": "1c8cc250ed7b4fcab7a597d45cdf1d8f", "token": "eyJhbGciOiJIUzI1NiIsInR5cCI6IkpXVCJ9.eyJ0b2tlbl90eXBlIjoicmVmcmVzaCIsImV4cCI6MTc2NzQyOTEwNSwiaWF0IjoxNzY2ODI0MzA1LCJqdGkiOiIxYzhjYzI1MGVkN2I0ZmNhYjdhNTk3ZDQ1Y2RmMWQ4ZiIsInVzZXJfaWQiOjd9.o7wduxc4j430wHtFbre5xMGC9xpeYy4CV85UrhGtx6M", "created_at": "2025-12-27T08:31:45.063Z", "expires_at": "2026-01-03T08:31:45Z"}}, {"model": "token_blacklist.outstandingtoken", "pk": 55, "fields": {"user": 7, "jti": "b2c60431cb4d41bb8b25ba781adefe9e", "token": "eyJhbGciOiJIUzI1NiIsInR5cCI6IkpXVCJ9.eyJ0b2tlbl90eXBlIjoicmVmcmVzaCIsImV4cCI6MTc2NzQyOTg0NCwiaWF0IjoxNzY2ODI1MDQ0LCJqdGkiOiJiMmM2MDQzMWNiNGQ0MWJiOGIyNWJhNzgxYWRlZmU5ZSIsInVzZXJfaWQiOjd9._QQFhp2JPrTeI7qlzD_4ZpcWwMGq7SMoyuz99V4iMe4", "created_at": "2025-12-27T08:44:04.709Z", "expires_at": "2026-01-03T08:44:04Z"}}, {"model": "token_blacklist.outstandingtoken", "pk": 56, "fields": {"user": 7, "jti": "e50adcbaf60b4c8a98f6478be81ad2a7", "token": "eyJhbGciOiJIUzI1NiIsInR5cCI6IkpXVCJ9.eyJ0b2tlbl90eXBlIjoicmVmcmVzaCIsImV4cCI6MTc2NzQyOTg3NywiaWF0IjoxNzY2ODI1MDc3LCJqdGkiOiJlNTBhZGNiYWY2MGI0YzhhOThmNjQ3OGJlODFhZDJhNyIsInVzZXJfaWQiOjd9.8BFa2RLq2ZNw3_DQBrYnv9rO030kB3Hq9lCwEfeJmns", "created_at": "2025-12-27T08:44:37.847Z", "expires_at": "2026-01-03T08:44:37Z"}}, {"model": "token_blacklist.outstandingtoken", "pk": 57, "fields": {"user": 7, "jti": "93f3ad9b461148cfafdc3c673b350373", "token": "eyJhbGciOiJIUzI1NiIsInR5cCI6IkpXVCJ9.eyJ0b2tlbl90eXBlIjoicmVmcmVzaCIsImV4cCI6MTc2NzQzMDUzNiwiaWF0IjoxNzY2ODI1NzM2LCJqdGkiOiI5M2YzYWQ5YjQ2MTE0OGNmYWZkYzNjNjczYjM1MDM3MyIsInVzZXJfaWQiOjd9.wAidQ3CNBWqSTbs_PgFwC0SPJjyVM-RR6No6jjiBG44", "created_at": "2025-12-27T08:55:36.645Z", "expires_at": "2026-01-03T08:55:36Z"}}, {"model": "token_blacklist.outstandingtoken", "pk": 58, "fields": {"user": 7, "jti": "5fbc793433314830b13e3429c292f4c8", "token": "eyJhbGciOiJIUzI1NiIsInR5cCI6IkpXVCJ9.eyJ0b2tlbl90eXBlIjoicmVmcmVzaCIsImV4cCI6MTc2NzQzMTk1OSwiaWF0IjoxNzY2ODI3MTU5LCJqdGkiOiI1ZmJjNzkzNDMzMzE0ODMwYjEzZTM0MjljMjkyZjRjOCIsInVzZXJfaWQiOjd9.o6bRBpsYbdztlqmumgpn-lfmQeyzUW7d5b8lej_PRzM", "created_at": "2025-12-27T09:19:19.940Z", "expires_at": "2026-01-03T09:19:19Z"}}, {"model": "token_blacklist.outstandingtoken", "pk": 59, "fields": {"user": 7, "jti": "77b42d2eb4904ca4ab2f9834e5f3ac38", "token": "eyJhbGciOiJIUzI1NiIsInR5cCI6IkpXVCJ9.eyJ0b2tlbl90eXBlIjoicmVmcmVzaCIsImV4cCI6MTc2NzQzMjIyMCwiaWF0IjoxNzY2ODI3NDIwLCJqdGkiOiI3N2I0MmQyZWI0OTA0Y2E0YWIyZjk4MzRlNWYzYWMzOCIsInVzZXJfaWQiOjd9.uUDiDZO2Bqqx-IOOvOX9S8rUH30_G8wGXSzA66RBD6s", "created_at": "2025-12-27T09:23:40.713Z", "expires_at": "2026-01-03T09:23:40Z"}}, {"model": "token_blacklist.outstandingtoken", "pk": 60, "fields": {"user": 7, "jti": "73f7278eabe14eaa89ae2ad9f8b3116d", "token": "eyJhbGciOiJIUzI1NiIsInR5cCI6IkpXVCJ9.eyJ0b2tlbl90eXBlIjoicmVmcmVzaCIsImV4cCI6MTc2NzQzMzU3NiwiaWF0IjoxNzY2ODI4Nzc2LCJqdGkiOiI3M2Y3Mjc4ZWFiZTE0ZWFhODlhZTJhZDlmOGIzMTE2ZCIsInVzZXJfaWQiOjd9.jidEo2kgntLySgfudmOU3InsKU04-xOMd5-nG_evG6o", "created_at": "2025-12-27T09:46:16.968Z", "expires_at": "2026-01-03T09:46:16Z"}}, {"model": "token_blacklist.outstandingtoken", "pk": 61, "fields": {"user": 7, "jti": "06c8ac031a9e424cb077ae4925c3c51c", "token": "eyJhbGciOiJIUzI1NiIsInR5cCI6IkpXVCJ9.eyJ0b2tlbl90eXBlIjoicmVmcmVzaCIsImV4cCI6MTc2NzQzMzcwOCwiaWF0IjoxNzY2ODI4OTA4LCJqdGkiOiIwNmM4YWMwMzFhOWU0MjRjYjA3N2FlNDkyNWMzYzUxYyIsInVzZXJfaWQiOjd9.lHMcAKKc_JAutOEdXRaqhiKqlLmYuB1AYNS7XQTFJSM", "created_at": "2025-12-27T09:48:28.399Z", "expires_at": "2026-01-03T09:48:28Z"}}, {"model": "token_blacklist.outstandingtoken", "pk": 62, "fields": {"user": 7, "jti": "af231f96ff1d495b9513e9bcb65d84d5", "token": "eyJhbGciOiJIUzI1NiIsInR5cCI6IkpXVCJ9.eyJ0b2tlbl90eXBlIjoicmVmcmVzaCIsImV4cCI6MTc2NzQzMzczNCwiaWF0IjoxNzY2ODI4OTM0LCJqdGkiOiJhZjIzMWY5NmZmMWQ0OTViOTUxM2U5YmNiNjVkODRkNSIsInVzZXJfaWQiOjd9.Zi5vMXUGeM0a1naBm8ejECOASp5P3MceAxyEj8QL8Q0", "created_at": "2025-12-27T09:48:54.095Z", "expires_at": "2026-01-03T09:48:54Z"}}, {"model": "token_blacklist.outstandingtoken", "pk": 63, "fields": {"user": 7, "jti": "7837f3e0d79b495dbaddee3c3e281a30", "token": "eyJhbGciOiJIUzI1NiIsInR5cCI6IkpXVCJ9.eyJ0b2tlbl90eXBlIjoicmVmcmVzaCIsImV4cCI6MTc2NzQzMzc2MCwiaWF0IjoxNzY2ODI4OTYwLCJqdGkiOiI3ODM3ZjNlMGQ3OWI0OTVkYmFkZGVlM2MzZTI4MWEzMCIsInVzZXJfaWQiOjd9._YM3lfuiDqnbS58-hw7AsfT70GP6dqTH8_5T91PErUI", "created_at": "2025-12-27T09:49:20.718Z", "expires_at": "2026-01-03T09:49:20Z"}}, {"model": "token_blacklist.outstandingtoken", "pk": 64, "fields": {"user": 7, "jti": "e5bc9a2b2d404cf381872ee7c0855f0b", "token": "eyJhbGciOiJIUzI1NiIsInR5cCI6IkpXVCJ9.eyJ0b2tlbl90eXBlIjoicmVmcmVzaCIsImV4cCI6MTc2NzQzMzg2NywiaWF0IjoxNzY2ODI5MDY3LCJqdGkiOiJlNWJjOWEyYjJkNDA0Y2YzODE4NzJlZTdjMDg1NWYwYiIsInVzZXJfaWQiOjd9.yZoRPyzOTx_8cUtjgRZZ222smCwBXUTjaCYtNQbPba0", "created_at": "2025-12-27T09:51:07.413Z", "expires_at": "2026-01-03T09:51:07Z"}}, {"model": "token_blacklist.outstandingtoken", "pk": 65, "fields": {"user": 7, "jti": "9762a5a8a1a24f16928f7d4208082181", "token": "eyJhbGciOiJIUzI1NiIsInR5cCI6IkpXVCJ9.eyJ0b2tlbl90eXBlIjoicmVmcmVzaCIsImV4cCI6MTc2NzQzMzk5NiwiaWF0IjoxNzY2ODI5MTk2LCJqdGkiOiI5NzYyYTVhOGExYTI0ZjE2OTI4ZjdkNDIwODA4MjE4MSIsInVzZXJfaWQiOjd9.z-KNR2LQka5rf7CI5QWJ0gp3wSEUJNKTOPHz_OnlH2A", "created_at": "2025-12-27T09:53:16.189Z", "expires_at": "2026-01-03T09:53:16Z"}}, {"model": "token_blacklist.outstandingtoken", "pk": 66, "fields": {"user": 7, "jti": "ee18004e4114489a8202947359af2a24", "token": "eyJhbGciOiJIUzI1NiIsInR5cCI6IkpXVCJ9.eyJ0b2tlbl90eXBlIjoicmVmcmVzaCIsImV4cCI6MTc2NzQzNDAyMSwiaWF0IjoxNzY2ODI5MjIxLCJqdGkiOiJlZTE4MDA0ZTQxMTQ0ODlhODIwMjk0NzM1OWFmMmEyNCIsInVzZXJfaWQiOjd9.UEkb1MLcKsNdicYpEw_aTh0Yp77HPLqaJCY0omJmTFU", "created_at": "2025-12-27T09:53:41.993Z", "expires_at": "2026-01-03T09:53:41Z"}}, {"model": "token_blacklist.outstandingtoken", "pk": 67, "fields": {"user": 7, "jti": "f5a14acc837f4e5a8f751d4a217b7c7d", "token": "eyJhbGciOiJIUzI1NiIsInR5cCI6IkpXVCJ9.eyJ0b2tlbl90eXBlIjoicmVmcmVzaCIsImV4cCI6MTc2NzQzNDA4MCwiaWF0IjoxNzY2ODI5MjgwLCJqdGkiOiJmNWExNGFjYzgzN2Y0ZTVhOGY3NTFkNGEyMTdiN2M3ZCIsInVzZXJfaWQiOjd9.51mb7TEDiEFAZvEjmpLRX20yJqnTOzO6jPMgi2nnkqQ", "created_at": "2025-12-27T09:54:40.604Z", "expires_at": "2026-01-03T09:54:40Z"}}, {"model": "token_blacklist.outstandingtoken", "pk": 68, "fields": {"user": 7, "jti": "0ebd1ae0807644b483622baadf232cb3", "token": "eyJhbGciOiJIUzI1NiIsInR5cCI6IkpXVCJ9.eyJ0b2tlbl90eXBlIjoicmVmcmVzaCIsImV4cCI6MTc2NzQzNDIwMCwiaWF0IjoxNzY2ODI5NDAwLCJqdGkiOiIwZWJkMWFlMDgwNzY0NGI0ODM2MjJiYWFkZjIzMmNiMyIsInVzZXJfaWQiOjd9.pONM8F2ezTu5OxcQSKskrx0b6WxLSIrQBwCfxPvlQY4", "created_at": "2025-12-27T09:56:40.817Z", "expires_at": "2026-01-03T09:56:40Z"}}, {"model": "token_blacklist.outstandingtoken", "pk": 69, "fields": {"user": 7, "jti": "3b850e3d3f424162ac1ffa94e8b51946", "token": "eyJhbGciOiJIUzI1NiIsInR5cCI6IkpXVCJ9.eyJ0b2tlbl90eXBlIjoicmVmcmVzaCIsImV4cCI6MTc2NzQzNTI5NSwiaWF0IjoxNzY2ODMwNDk1LCJqdGkiOiIzYjg1MGUzZDNmNDI0MTYyYWMxZmZhOTRlOGI1MTk0NiIsInVzZXJfaWQiOjd9.AyYQ-53gHOzRcrOrb8ihE31Agad-RHDRvRhfEPFXk3I", "created_at": "2025-12-27T10:14:55.448Z", "expires_at": "2026-01-03T10:14:55Z"}}, {"model": "token_blacklist.outstandingtoken", "pk": 70, "fields": {"user": 7, "jti": "bfa6b9b2d8a940c994f0e100b57729f6", "token": "eyJhbGciOiJIUzI1NiIsInR5cCI6IkpXVCJ9.eyJ0b2tlbl90eXBlIjoicmVmcmVzaCIsImV4cCI6MTc2NzQzNTM0NywiaWF0IjoxNzY2ODMwNTQ3LCJqdGkiOiJiZmE2YjliMmQ4YTk0MGM5OTRmMGUxMDBiNTc3MjlmNiIsInVzZXJfaWQiOjd9.qOwR4OrbDjAjMACXni5NRbBmY4S3pwHbfIZt4x718QM", "created_at": "2025-12-27T10:15:47.803Z", "expires_at": "2026-01-03T10:15:47Z"}}, {"model": "token_blacklist.outstandingtoken", "pk": 71, "fields": {"user": 7, "jti": "80b7b38c657e481c9a059b915be7de83", "token": "eyJhbGciOiJIUzI1NiIsInR5cCI6IkpXVCJ9.eyJ0b2tlbl90eXBlIjoicmVmcmVzaCIsImV4cCI6MTc2NzQzNTU4MiwiaWF0IjoxNzY2ODMwNzgyLCJqdGkiOiI4MGI3YjM4YzY1N2U0ODFjOWEwNTliOTE1YmU3ZGU4MyIsInVzZXJfaWQiOjd9.jEb3NZfLCg_cGpi715NmOyKmdlOOTzMkIkA6Dr8YYhY", "created_at": "2025-12-27T10:19:42.087Z", "expires_at": "2026-01-03T10:19:42Z"}}, {"model": "token_blacklist.outstandingtoken", "pk": 72, "fields": {"user": 7, "jti": "7c9b4fd5b72f40e891958381b443aab5", "token": "eyJhbGciOiJIUzI1NiIsInR5cCI6IkpXVCJ9.eyJ0b2tlbl90eXBlIjoicmVmcmVzaCIsImV4cCI6MTc2NzQzNTgxMSwiaWF0IjoxNzY2ODMxMDExLCJqdGkiOiI3YzliNGZkNWI3MmY0MGU4OTE5NTgzODFiNDQzYWFiNSIsInVzZXJfaWQiOjd9.b5cdrI9KpSAmUY-76-qVFkQIjx9XT2Qhjf_XY9e9NRU", "created_at": "2025-12-27T10:23:31.932Z", "expires_at": "2026-01-03T10:23:31Z"}}, {"model": "token_blacklist.outstandingtoken", "pk": 73, "fields": {"user": 8, "jti": "232fc154b08648698cf1af182490f200", "token": "eyJhbGciOiJIUzI1NiIsInR5cCI6IkpXVCJ9.eyJ0b2tlbl90eXBlIjoicmVmcmVzaCIsImV4cCI6MTc4MTIwMzM3OCwiaWF0IjoxNzgwNTk4NTc4LCJqdGkiOiIyMzJmYzE1NGIwODY0ODY5OGNmMWFmMTgyNDkwZjIwMCIsInVzZXJfaWQiOjh9.zWFBNBSFnlqYmzaHWiAjbeZSXcmJyVbCtjVExmMemKo", "created_at": "2026-06-04T18:42:58.666Z", "expires_at": "2026-06-11T18:42:58Z"}}, {"model": "token_blacklist.outstandingtoken", "pk": 74, "fields": {"user": 8, "jti": "235c71ad385745aaa5604b6d8bbae72a", "token": "eyJhbGciOiJIUzI1NiIsInR5cCI6IkpXVCJ9.eyJ0b2tlbl90eXBlIjoicmVmcmVzaCIsImV4cCI6MTc4MTIwMzc0MCwiaWF0IjoxNzgwNTk4OTQwLCJqdGkiOiIyMzVjNzFhZDM4NTc0NWFhYTU2MDRiNmQ4YmJhZTcyYSIsInVzZXJfaWQiOjh9.q3jmSizxnN0O8RiYVNWTJjh24cNy9n5S0nPWruN2qZU", "created_at": "2026-06-04T18:49:00.448Z", "expires_at": "2026-06-11T18:49:00Z"}}, {"model": "token_blacklist.outstandingtoken", "pk": 75, "fields": {"user": 8, "jti": "26989f5efc37427ba2541afdd35dc938", "token": "eyJhbGciOiJIUzI1NiIsInR5cCI6IkpXVCJ9.eyJ0b2tlbl90eXBlIjoicmVmcmVzaCIsImV4cCI6MTc4MTIxNzQ4MSwiaWF0IjoxNzgwNjEyNjgxLCJqdGkiOiIyNjk4OWY1ZWZjMzc0MjdiYTI1NDFhZmRkMzVkYzkzOCIsInVzZXJfaWQiOjh9.Rvc0dSx8chhKeMdaSmwoCr3KUBleG-i0u0-e4dVhGFg", "created_at": "2026-06-04T22:38:01.887Z", "expires_at": "2026-06-11T22:38:01Z"}}, {"model": "token_blacklist.outstandingtoken", "pk": 76, "fields": {"user": 8, "jti": "2df6a90b262c4a7d90c32a617e42ada6", "token": "eyJhbGciOiJIUzI1NiIsInR5cCI6IkpXVCJ9.eyJ0b2tlbl90eXBlIjoicmVmcmVzaCIsImV4cCI6MTc4MTIyMTgwNSwiaWF0IjoxNzgwNjE3MDA1LCJqdGkiOiIyZGY2YTkwYjI2MmM0YTdkOTBjMzJhNjE3ZTQyYWRhNiIsInVzZXJfaWQiOjh9.C1yRCniFhDzSqFXhV3OHAJq_xsKvEu3lmRHwsITCAOg", "created_at": "2026-06-04T23:50:05.279Z", "expires_at": "2026-06-11T23:50:05Z"}}, {"model": "token_blacklist.outstandingtoken", "pk": 77, "fields": {"user": 8, "jti": "c719fc02b5fa4213acb21a738d6de432", "token": "eyJhbGciOiJIUzI1NiIsInR5cCI6IkpXVCJ9.eyJ0b2tlbl90eXBlIjoicmVmcmVzaCIsImV4cCI6MTc4MTI0MzA1MSwiaWF0IjoxNzgwNjM4MjUxLCJqdGkiOiJjNzE5ZmMwMmI1ZmE0MjEzYWNiMjFhNzM4ZDZkZTQzMiIsInVzZXJfaWQiOjh9.qSlfLqIUXsKXTa5_QzHkyZOAucij_byA69TnozUO4kw", "created_at": "2026-06-05T05:44:11.977Z", "expires_at": "2026-06-12T05:44:11Z"}}, {"model": "token_blacklist.outstandingtoken", "pk": 78, "fields": {"user": 8, "jti": "88e74a4acf45459981f37f6b45be1965", "token": "eyJhbGciOiJIUzI1NiIsInR5cCI6IkpXVCJ9.eyJ0b2tlbl90eXBlIjoicmVmcmVzaCIsImV4cCI6MTc4MTI1ODM3NiwiaWF0IjoxNzgwNjUzNTc2LCJqdGkiOiI4OGU3NGE0YWNmNDU0NTk5ODFmMzdmNmI0NWJlMTk2NSIsInVzZXJfaWQiOjh9.dw5HKjPhZaGccYHEy8hUaCFWcRj2w1X2-q4Fh51peXk", "created_at": "2026-06-05T09:59:36.423Z", "expires_at": "2026-06-12T09:59:36Z"}}, {"model": "token_blacklist.outstandingtoken", "pk": 79, "fields": {"user": 9, "jti": "2879c936e91b43b5bdda41200964c8fb", "token": "eyJhbGciOiJIUzI1NiIsInR5cCI6IkpXVCJ9.eyJ0b2tlbl90eXBlIjoicmVmcmVzaCIsImV4cCI6MTc4MTI3MTg3NCwiaWF0IjoxNzgwNjY3MDc0LCJqdGkiOiIyODc5YzkzNmU5MWI0M2I1YmRkYTQxMjAwOTY0YzhmYiIsInVzZXJfaWQiOjl9.Il9NuLPyLPL8LlrKNVivl50PgebGsQ2JtRRy6PQqiWg", "created_at": "2026-06-05T13:44:34.392Z", "expires_at": "2026-06-12T13:44:34Z"}}, {"model": "token_blacklist.outstandingtoken", "pk": 80, "fields": {"user": 9, "jti": "bfe8e575504a4a22903d1ee193ba29db", "token": "eyJhbGciOiJIUzI1NiIsInR5cCI6IkpXVCJ9.eyJ0b2tlbl90eXBlIjoicmVmcmVzaCIsImV4cCI6MTc4MTI3MjE0OCwiaWF0IjoxNzgwNjY3MzQ4LCJqdGkiOiJiZmU4ZTU3NTUwNGE0YTIyOTAzZDFlZTE5M2JhMjlkYiIsInVzZXJfaWQiOjl9.PYe7fpe1tN_Z4UQNStGDfQJnR7Zxylp0fGmfW5T-iso", "created_at": "2026-06-05T13:49:08.785Z", "expires_at": "2026-06-12T13:49:08Z"}}, {"model": "token_blacklist.outstandingtoken", "pk": 81, "fields": {"user": 9, "jti": "4f0e48a8680e4c4b887bfc866b4f1642", "token": "eyJhbGciOiJIUzI1NiIsInR5cCI6IkpXVCJ9.eyJ0b2tlbl90eXBlIjoicmVmcmVzaCIsImV4cCI6MTc4MTI3MjI5MSwiaWF0IjoxNzgwNjY3NDkxLCJqdGkiOiI0ZjBlNDhhODY4MGU0YzRiODg3YmZjODY2YjRmMTY0MiIsInVzZXJfaWQiOjl9.XTfVPeZME5-1u22tA0N5qqhaZbL8LhhCDDpMH1XrrSk", "created_at": "2026-06-05T13:51:31.579Z", "expires_at": "2026-06-12T13:51:31Z"}}, {"model": "token_blacklist.outstandingtoken", "pk": 82, "fields": {"user": 9, "jti": "95967d828e484c2abd98ecb08af24eb4", "token": "eyJhbGciOiJIUzI1NiIsInR5cCI6IkpXVCJ9.eyJ0b2tlbl90eXBlIjoicmVmcmVzaCIsImV4cCI6MTc4MTI3MjQzNiwiaWF0IjoxNzgwNjY3NjM2LCJqdGkiOiI5NTk2N2Q4MjhlNDg0YzJhYmQ5OGVjYjA4YWYyNGViNCIsInVzZXJfaWQiOjl9.VagfZrSNiZDLbmsAIge95KG86Ny9zSifv_PW8eE4j_g", "created_at": "2026-06-05T13:53:56.899Z", "expires_at": "2026-06-12T13:53:56Z"}}, {"model": "token_blacklist.outstandingtoken", "pk": 83, "fields": {"user": 9, "jti": "e7e3134530e14170a074773f0357e1f9", "token": "eyJhbGciOiJIUzI1NiIsInR5cCI6IkpXVCJ9.eyJ0b2tlbl90eXBlIjoicmVmcmVzaCIsImV4cCI6MTc4MTI3MjU4OCwiaWF0IjoxNzgwNjY3Nzg4LCJqdGkiOiJlN2UzMTM0NTMwZTE0MTcwYTA3NDc3M2YwMzU3ZTFmOSIsInVzZXJfaWQiOjl9.-zra4iiw00fUiodFWPnXGA7s6qMElm_Z3oMJ5DZAwcw", "created_at": "2026-06-05T13:56:28.891Z", "expires_at": "2026-06-12T13:56:28Z"}}, {"model": "token_blacklist.outstandingtoken", "pk": 84, "fields": {"user": 9, "jti": "e8e515400c1b4d4a80f02db684811605", "token": "eyJhbGciOiJIUzI1NiIsInR5cCI6IkpXVCJ9.eyJ0b2tlbl90eXBlIjoicmVmcmVzaCIsImV4cCI6MTc4MTI3MjcwNiwiaWF0IjoxNzgwNjY3OTA2LCJqdGkiOiJlOGU1MTU0MDBjMWI0ZDRhODBmMDJkYjY4NDgxMTYwNSIsInVzZXJfaWQiOjl9.SRrBn0q4_mu7WoFj8p7C7uxmrNgQpAlnECYWfjJ6kVA", "created_at": "2026-06-05T13:58:26.948Z", "expires_at": "2026-06-12T13:58:26Z"}}, {"model": "token_blacklist.outstandingtoken", "pk": 85, "fields": {"user": 9, "jti": "2037c0c5b01a409a9f3ff2c8faa411b7", "token": "eyJhbGciOiJIUzI1NiIsInR5cCI6IkpXVCJ9.eyJ0b2tlbl90eXBlIjoicmVmcmVzaCIsImV4cCI6MTc4MTI3MjgyNSwiaWF0IjoxNzgwNjY4MDI1LCJqdGkiOiIyMDM3YzBjNWIwMWE0MDlhOWYzZmYyYzhmYWE0MTFiNyIsInVzZXJfaWQiOjl9.L3WbMC95iMYRYXcD9INNsHNXFm8320Kd05fdo9Ex3co", "created_at": "2026-06-05T14:00:25.000Z", "expires_at": "2026-06-12T14:00:25Z"}}, {"model": "token_blacklist.outstandingtoken", "pk": 86, "fields": {"user": 9, "jti": "579b05d1e3ed48c0b6d0717e21f711a5", "token": "eyJhbGciOiJIUzI1NiIsInR5cCI6IkpXVCJ9.eyJ0b2tlbl90eXBlIjoicmVmcmVzaCIsImV4cCI6MTc4MTI3MzI2MSwiaWF0IjoxNzgwNjY4NDYxLCJqdGkiOiI1NzliMDVkMWUzZWQ0OGMwYjZkMDcxN2UyMWY3MTFhNSIsInVzZXJfaWQiOjl9.3ziNAKlIzymjYWfavE002dx7jFv3fMprJ7s4nwmj20Q", "created_at": "2026-06-05T14:07:41.733Z", "expires_at": "2026-06-12T14:07:41Z"}}, {"model": "token_blacklist.outstandingtoken", "pk": 87, "fields": {"user": 9, "jti": "8a891b96d9d249b181c0019421518605", "token": "eyJhbGciOiJIUzI1NiIsInR5cCI6IkpXVCJ9.eyJ0b2tlbl90eXBlIjoicmVmcmVzaCIsImV4cCI6MTc4MTI3Mzk4MiwiaWF0IjoxNzgwNjY5MTgyLCJqdGkiOiI4YTg5MWI5NmQ5ZDI0OWIxODFjMDAxOTQyMTUxODYwNSIsInVzZXJfaWQiOjl9.vAv5HPCUNq_HqsCkOO6hMBka4VR85yVajMCwcHkdFaw", "created_at": "2026-06-05T14:19:42.229Z", "expires_at": "2026-06-12T14:19:42Z"}}, {"model": "token_blacklist.outstandingtoken", "pk": 88, "fields": {"user": 9, "jti": "55a1fa79262d404a99c26035b8997d1e", "token": "eyJhbGciOiJIUzI1NiIsInR5cCI6IkpXVCJ9.eyJ0b2tlbl90eXBlIjoicmVmcmVzaCIsImV4cCI6MTc4MTI3NDQ4MSwiaWF0IjoxNzgwNjY5NjgxLCJqdGkiOiI1NWExZmE3OTI2MmQ0MDRhOTljMjYwMzViODk5N2QxZSIsInVzZXJfaWQiOjl9.hvMh--Xuv2ezehOvbE3-tgH7swR418VUsk916PY2v4A", "created_at": "2026-06-05T14:28:01.020Z", "expires_at": "2026-06-12T14:28:01Z"}}, {"model": "token_blacklist.outstandingtoken", "pk": 89, "fields": {"user": 9, "jti": "8a8daa2364d5432fb945036dba44516d", "token": "eyJhbGciOiJIUzI1NiIsInR5cCI6IkpXVCJ9.eyJ0b2tlbl90eXBlIjoicmVmcmVzaCIsImV4cCI6MTc4MTI3NDU2NSwiaWF0IjoxNzgwNjY5NzY1LCJqdGkiOiI4YThkYWEyMzY0ZDU0MzJmYjk0NTAzNmRiYTQ0NTE2ZCIsInVzZXJfaWQiOjl9.6cGE9vMvrsoDCcFQ7U7yB8YuiyuE-elivcOQA7gDKqc", "created_at": "2026-06-05T14:29:25.392Z", "expires_at": "2026-06-12T14:29:25Z"}}, {"model": "token_blacklist.outstandingtoken", "pk": 90, "fields": {"user": 9, "jti": "7d35c08ece4e4263aef9307ea20f8a86", "token": "eyJhbGciOiJIUzI1NiIsInR5cCI6IkpXVCJ9.eyJ0b2tlbl90eXBlIjoicmVmcmVzaCIsImV4cCI6MTc4MTI3NDY1MiwiaWF0IjoxNzgwNjY5ODUyLCJqdGkiOiI3ZDM1YzA4ZWNlNGU0MjYzYWVmOTMwN2VhMjBmOGE4NiIsInVzZXJfaWQiOjl9.uxF4tvXwz2EbmNWwGOyyfGgCBSo5IPhDifTFQDTS1_Q", "created_at": "2026-06-05T14:30:52.008Z", "expires_at": "2026-06-12T14:30:52Z"}}, {"model": "token_blacklist.outstandingtoken", "pk": 91, "fields": {"user": 9, "jti": "8cfaf6e2f7614dc396e105bc1e34675e", "token": "eyJhbGciOiJIUzI1NiIsInR5cCI6IkpXVCJ9.eyJ0b2tlbl90eXBlIjoicmVmcmVzaCIsImV4cCI6MTc4MTI3NDg2MSwiaWF0IjoxNzgwNjcwMDYxLCJqdGkiOiI4Y2ZhZjZlMmY3NjE0ZGMzOTZlMTA1YmMxZTM0Njc1ZSIsInVzZXJfaWQiOjl9.-IKEwGXt1pUQfyag7RsFlVlHs6jBI1Qb4QZ4QwUq-PU", "created_at": "2026-06-05T14:34:21.791Z", "expires_at": "2026-06-12T14:34:21Z"}}, {"model": "token_blacklist.outstandingtoken", "pk": 92, "fields": {"user": 9, "jti": "a0223f52201c4256bb2e224df2f15930", "token": "eyJhbGciOiJIUzI1NiIsInR5cCI6IkpXVCJ9.eyJ0b2tlbl90eXBlIjoicmVmcmVzaCIsImV4cCI6MTc4MTI3Njg5NCwiaWF0IjoxNzgwNjcyMDk0LCJqdGkiOiJhMDIyM2Y1MjIwMWM0MjU2YmIyZTIyNGRmMmYxNTkzMCIsInVzZXJfaWQiOjl9.V0ENuMqkjmBEIZcKtn9M4c6LqDQxDqzEY_p56lwTjJg", "created_at": "2026-06-05T15:08:14.599Z", "expires_at": "2026-06-12T15:08:14Z"}}, {"model": "token_blacklist.outstandingtoken", "pk": 93, "fields": {"user": 9, "jti": "e9846cf817c94587ad7537642e955636", "token": "eyJhbGciOiJIUzI1NiIsInR5cCI6IkpXVCJ9.eyJ0b2tlbl90eXBlIjoicmVmcmVzaCIsImV4cCI6MTc4MTI3NzA3MSwiaWF0IjoxNzgwNjcyMjcxLCJqdGkiOiJlOTg0NmNmODE3Yzk0NTg3YWQ3NTM3NjQyZTk1NTYzNiIsInVzZXJfaWQiOjl9.SQrtr1EOXL-i6PuXl4eeSoUsc2U2ewtuYAmvO5Gr1Ig", "created_at": "2026-06-05T15:11:11.577Z", "expires_at": "2026-06-12T15:11:11Z"}}, {"model": "token_blacklist.outstandingtoken", "pk": 94, "fields": {"user": 9, "jti": "153363f97d8344a9bd8a787c546626e7", "token": "eyJhbGciOiJIUzI1NiIsInR5cCI6IkpXVCJ9.eyJ0b2tlbl90eXBlIjoicmVmcmVzaCIsImV4cCI6MTc4MTI3ODkxNCwiaWF0IjoxNzgwNjc0MTE0LCJqdGkiOiIxNTMzNjNmOTdkODM0NGE5YmQ4YTc4N2M1NDY2MjZlNyIsInVzZXJfaWQiOjl9.bacnI641_FVQYTvJW9vLIeA-bNtqw1v8WAf9KQ1V6oo", "created_at": "2026-06-05T15:41:54.873Z", "expires_at": "2026-06-12T15:41:54Z"}}, {"model": "token_blacklist.outstandingtoken", "pk": 95, "fields": {"user": 9, "jti": "9840c55fb2a447e7b540c9a3144e7930", "token": "eyJhbGciOiJIUzI1NiIsInR5cCI6IkpXVCJ9.eyJ0b2tlbl90eXBlIjoicmVmcmVzaCIsImV4cCI6MTc4MTI3OTk3MywiaWF0IjoxNzgwNjc1MTczLCJqdGkiOiI5ODQwYzU1ZmIyYTQ0N2U3YjU0MGM5YTMxNDRlNzkzMCIsInVzZXJfaWQiOjl9.XfQOBqKxlzYnHVYzHk1ln0pTAE8O-oc0qoJI5E4SUoQ", "created_at": "2026-06-05T15:59:33.235Z", "expires_at": "2026-06-12T15:59:33Z"}}, {"model": "token_blacklist.outstandingtoken", "pk": 96, "fields": {"user": 9, "jti": "72606660b19a488d9db48b4a746e80b2", "token": "eyJhbGciOiJIUzI1NiIsInR5cCI6IkpXVCJ9.eyJ0b2tlbl90eXBlIjoicmVmcmVzaCIsImV4cCI6MTc4MTM1NTUzMiwiaWF0IjoxNzgwNzUwNzMyLCJqdGkiOiI3MjYwNjY2MGIxOWE0ODhkOWRiNDhiNGE3NDZlODBiMiIsInVzZXJfaWQiOjl9.AV4SZgOScuVPa0unp_gIJEfyCh4cFH-pUjCZtBBjJP8", "created_at": "2026-06-06T12:58:52.828Z", "expires_at": "2026-06-13T12:58:52Z"}}, {"model": "token_blacklist.outstandingtoken", "pk": 97, "fields": {"user": 9, "jti": "d521e09cc5f64fa8bbbf5bafd53b958d", "token": "eyJhbGciOiJIUzI1NiIsInR5cCI6IkpXVCJ9.eyJ0b2tlbl90eXBlIjoicmVmcmVzaCIsImV4cCI6MTc4MTM1NTU5MSwiaWF0IjoxNzgwNzUwNzkxLCJqdGkiOiJkNTIxZTA5Y2M1ZjY0ZmE4YmJiZjViYWZkNTNiOTU4ZCIsInVzZXJfaWQiOjl9.tc_rr0ZPtNvaNymPvGFPEu3F4XHWDyyGsseVi71BRFk", "created_at": "2026-06-06T12:59:51.598Z", "expires_at": "2026-06-13T12:59:51Z"}}, {"model": "token_blacklist.outstandingtoken", "pk": 98, "fields": {"user": 8, "jti": "35d70b2d2fdf47b48a6254577d3b4b23", "token": "eyJhbGciOiJIUzI1NiIsInR5cCI6IkpXVCJ9.eyJ0b2tlbl90eXBlIjoicmVmcmVzaCIsImV4cCI6MTc4MTM1NjU5MCwiaWF0IjoxNzgwNzUxNzkwLCJqdGkiOiIzNWQ3MGIyZDJmZGY0N2I0OGE2MjU0NTc3ZDNiNGIyMyIsInVzZXJfaWQiOjh9.LX9k3mfZlPkgbudd72jOgalSVXd_uljWJuJw-xCCg-o", "created_at": "2026-06-06T13:16:30.412Z", "expires_at": "2026-06-13T13:16:30Z"}}, {"model": "token_blacklist.outstandingtoken", "pk": 99, "fields": {"user": 8, "jti": "8b062a0b21e74490abc2d71a4cae1f4a", "token": "eyJhbGciOiJIUzI1NiIsInR5cCI6IkpXVCJ9.eyJ0b2tlbl90eXBlIjoicmVmcmVzaCIsImV4cCI6MTc4MTM1NzAxMiwiaWF0IjoxNzgwNzUyMjEyLCJqdGkiOiI4YjA2MmEwYjIxZTc0NDkwYWJjMmQ3MWE0Y2FlMWY0YSIsInVzZXJfaWQiOjh9.R2KHdLEN86bN4lVP-ZwMS-fDyIKfq3ay_r-YzWTyeZY", "created_at": "2026-06-06T13:23:32.319Z", "expires_at": "2026-06-13T13:23:32Z"}}, {"model": "token_blacklist.outstandingtoken", "pk": 100, "fields": {"user": 8, "jti": "103f790434904727b73975348133db14", "token": "eyJhbGciOiJIUzI1NiIsInR5cCI6IkpXVCJ9.eyJ0b2tlbl90eXBlIjoicmVmcmVzaCIsImV4cCI6MTc4MTM1NzMxOCwiaWF0IjoxNzgwNzUyNTE4LCJqdGkiOiIxMDNmNzkwNDM0OTA0NzI3YjczOTc1MzQ4MTMzZGIxNCIsInVzZXJfaWQiOjh9.gSQm5rjXNfYmbdW6sddKXi5mpNFRvlCohHSMIYcSxds", "created_at": "2026-06-06T13:28:38.198Z", "expires_at": "2026-06-13T13:28:38Z"}}, {"model": "token_blacklist.outstandingtoken", "pk": 101, "fields": {"user": 8, "jti": "8594ac8c199246a39a173c33de29e4cd", "token": "eyJhbGciOiJIUzI1NiIsInR5cCI6IkpXVCJ9.eyJ0b2tlbl90eXBlIjoicmVmcmVzaCIsImV4cCI6MTc4MTM1NzQ4NCwiaWF0IjoxNzgwNzUyNjg0LCJqdGkiOiI4NTk0YWM4YzE5OTI0NmEzOWExNzNjMzNkZTI5ZTRjZCIsInVzZXJfaWQiOjh9.ZwwWBM8N9TesXDjHJvBzjRMTShPtd2tnqlhemh5LwyQ", "created_at": "2026-06-06T13:31:24.744Z", "expires_at": "2026-06-13T13:31:24Z"}}, {"model": "token_blacklist.outstandingtoken", "pk": 102, "fields": {"user": 8, "jti": "0adb24580b814258851eb7c9d4e2e5cf", "token": "eyJhbGciOiJIUzI1NiIsInR5cCI6IkpXVCJ9.eyJ0b2tlbl90eXBlIjoicmVmcmVzaCIsImV4cCI6MTc4MTM1Nzg0MiwiaWF0IjoxNzgwNzUzMDQyLCJqdGkiOiIwYWRiMjQ1ODBiODE0MjU4ODUxZWI3YzlkNGUyZTVjZiIsInVzZXJfaWQiOjh9.bGoc4-iuQpPQS8TkM881Gtv9Llnan1tn0NGqB3oMvOE", "created_at": "2026-06-06T13:37:22.498Z", "expires_at": "2026-06-13T13:37:22Z"}}, {"model": "token_blacklist.outstandingtoken", "pk": 103, "fields": {"user": 8, "jti": "2db2eadaad214f6f94e180dee8e987a7", "token": "eyJhbGciOiJIUzI1NiIsInR5cCI6IkpXVCJ9.eyJ0b2tlbl90eXBlIjoicmVmcmVzaCIsImV4cCI6MTc4MTM1Nzg3NCwiaWF0IjoxNzgwNzUzMDc0LCJqdGkiOiIyZGIyZWFkYWFkMjE0ZjZmOTRlMTgwZGVlOGU5ODdhNyIsInVzZXJfaWQiOjh9.ZEZBRza-6GsDfLRD6HRnyPkrnYF3bzpebgZ1VD9LMfo", "created_at": "2026-06-06T13:37:54.100Z", "expires_at": "2026-06-13T13:37:54Z"}}, {"model": "token_blacklist.outstandingtoken", "pk": 104, "fields": {"user": 8, "jti": "2e5937ecf73543758960a0cbf6432602", "token": "eyJhbGciOiJIUzI1NiIsInR5cCI6IkpXVCJ9.eyJ0b2tlbl90eXBlIjoicmVmcmVzaCIsImV4cCI6MTc4MTM1ODA3OSwiaWF0IjoxNzgwNzUzMjc5LCJqdGkiOiIyZTU5MzdlY2Y3MzU0Mzc1ODk2MGEwY2JmNjQzMjYwMiIsInVzZXJfaWQiOjh9.35TOJcoBfugh4oEMvSbJ2hRZHRkJeo3qZM7uXGC6xR0", "created_at": "2026-06-06T13:41:19.975Z", "expires_at": "2026-06-13T13:41:19Z"}}, {"model": "token_blacklist.outstandingtoken", "pk": 105, "fields": {"user": 8, "jti": "bf1e1c784b964b4196b4f5cb5eed48fb", "token": "eyJhbGciOiJIUzI1NiIsInR5cCI6IkpXVCJ9.eyJ0b2tlbl90eXBlIjoicmVmcmVzaCIsImV4cCI6MTc4MTM1ODMwMSwiaWF0IjoxNzgwNzUzNTAxLCJqdGkiOiJiZjFlMWM3ODRiOTY0YjQxOTZiNGY1Y2I1ZWVkNDhmYiIsInVzZXJfaWQiOjh9.Y7DnJCRSK9CLQ0eQSsjLTKBoPbdoGF0tj8ecKTNNUCY", "created_at": "2026-06-06T13:45:01.465Z", "expires_at": "2026-06-13T13:45:01Z"}}, {"model": "token_blacklist.outstandingtoken", "pk": 106, "fields": {"user": 8, "jti": "47a5187d45dc48ccab218ced7d5056ee", "token": "eyJhbGciOiJIUzI1NiIsInR5cCI6IkpXVCJ9.eyJ0b2tlbl90eXBlIjoicmVmcmVzaCIsImV4cCI6MTc4MTM1ODk2MiwiaWF0IjoxNzgwNzU0MTYyLCJqdGkiOiI0N2E1MTg3ZDQ1ZGM0OGNjYWIyMThjZWQ3ZDUwNTZlZSIsInVzZXJfaWQiOjh9.bEUEBykAwessgS5CgxI2CSHKE6_OkoDDAkG1CfVBSxM", "created_at": "2026-06-06T13:56:02.306Z", "expires_at": "2026-06-13T13:56:02Z"}}, {"model": "token_blacklist.outstandingtoken", "pk": 107, "fields": {"user": 8, "jti": "150c231a68574b97b3a1808572c64bab", "token": "eyJhbGciOiJIUzI1NiIsInR5cCI6IkpXVCJ9.eyJ0b2tlbl90eXBlIjoicmVmcmVzaCIsImV4cCI6MTc4MTM1OTU2OCwiaWF0IjoxNzgwNzU0NzY4LCJqdGkiOiIxNTBjMjMxYTY4NTc0Yjk3YjNhMTgwODU3MmM2NGJhYiIsInVzZXJfaWQiOjh9.bxofwg4DsNc8tYAPWHhSdT2TreLjjKhdKGTczXLekiM", "created_at": "2026-06-06T14:06:08.760Z", "expires_at": "2026-06-13T14:06:08Z"}}, {"model": "token_blacklist.outstandingtoken", "pk": 108, "fields": {"user": 8, "jti": "ab7b28414d9d475da38dd07881227882", "token": "eyJhbGciOiJIUzI1NiIsInR5cCI6IkpXVCJ9.eyJ0b2tlbl90eXBlIjoicmVmcmVzaCIsImV4cCI6MTc4MTM2MDM5MiwiaWF0IjoxNzgwNzU1NTkyLCJqdGkiOiJhYjdiMjg0MTRkOWQ0NzVkYTM4ZGQwNzg4MTIyNzg4MiIsInVzZXJfaWQiOjh9.48Pxa1MZH7AFxhL1bybBrSdZtcpHB-f4Q2L9kmh4Ens", "created_at": "2026-06-06T14:19:52.228Z", "expires_at": "2026-06-13T14:19:52Z"}}, {"model": "token_blacklist.outstandingtoken", "pk": 109, "fields": {"user": 9, "jti": "b8f28056d2eb4139a9a727f1273b6454", "token": "eyJhbGciOiJIUzI1NiIsInR5cCI6IkpXVCJ9.eyJ0b2tlbl90eXBlIjoicmVmcmVzaCIsImV4cCI6MTc4MTM3MDI5OSwiaWF0IjoxNzgwNzY1NDk5LCJqdGkiOiJiOGYyODA1NmQyZWI0MTM5YTlhNzI3ZjEyNzNiNjQ1NCIsInVzZXJfaWQiOjl9.BcBMMdXnsqmXMs-_5Mh2VDwcqliAP9uD_SpgTSKlZyU", "created_at": "2026-06-06T17:04:59.519Z", "expires_at": "2026-06-13T17:04:59Z"}}, {"model": "token_blacklist.outstandingtoken", "pk": 110, "fields": {"user": 9, "jti": "052b849174ef46c3b242e2b1a10ecf3f", "token": "eyJhbGciOiJIUzI1NiIsInR5cCI6IkpXVCJ9.eyJ0b2tlbl90eXBlIjoicmVmcmVzaCIsImV4cCI6MTc4MTM3MDc3MCwiaWF0IjoxNzgwNzY1OTcwLCJqdGkiOiIwNTJiODQ5MTc0ZWY0NmMzYjI0MmUyYjFhMTBlY2YzZiIsInVzZXJfaWQiOjl9.lcuNKXkm6aJkczM6xL0yJeqvt1zZLdxdHKXKoNlJurI", "created_at": "2026-06-06T17:12:50.083Z", "expires_at": "2026-06-13T17:12:50Z"}}, {"model": "token_blacklist.outstandingtoken", "pk": 111, "fields": {"user": 9, "jti": "18fb54776d3d4865ae8597d9b93f76f7", "token": "eyJhbGciOiJIUzI1NiIsInR5cCI6IkpXVCJ9.eyJ0b2tlbl90eXBlIjoicmVmcmVzaCIsImV4cCI6MTc4MTM3MDkwNiwiaWF0IjoxNzgwNzY2MTA2LCJqdGkiOiIxOGZiNTQ3NzZkM2Q0ODY1YWU4NTk3ZDliOTNmNzZmNyIsInVzZXJfaWQiOjl9.kPTfjWNEaTtGuD7vp8qVZ374sjglkOQmeSY-4S_aph8", "created_at": "2026-06-06T17:15:06.917Z", "expires_at": "2026-06-13T17:15:06Z"}}, {"model": "token_blacklist.outstandingtoken", "pk": 112, "fields": {"user": 9, "jti": "fddbd7885fd34123afd6b3a8d9d06953", "token": "eyJhbGciOiJIUzI1NiIsInR5cCI6IkpXVCJ9.eyJ0b2tlbl90eXBlIjoicmVmcmVzaCIsImV4cCI6MTc4MTM3MTEwNywiaWF0IjoxNzgwNzY2MzA3LCJqdGkiOiJmZGRiZDc4ODVmZDM0MTIzYWZkNmIzYThkOWQwNjk1MyIsInVzZXJfaWQiOjl9.Az8G6i9Sr8FjW1Y6rDH7bFSvg-1VjsoSH40eTp2Q3gE", "created_at": "2026-06-06T17:18:27.481Z", "expires_at": "2026-06-13T17:18:27Z"}}, {"model": "token_blacklist.outstandingtoken", "pk": 113, "fields": {"user": 9, "jti": "0afe9f20823346939151fd05c30c9073", "token": "eyJhbGciOiJIUzI1NiIsInR5cCI6IkpXVCJ9.eyJ0b2tlbl90eXBlIjoicmVmcmVzaCIsImV4cCI6MTc4MTM3MTI5MSwiaWF0IjoxNzgwNzY2NDkxLCJqdGkiOiIwYWZlOWYyMDgyMzM0NjkzOTE1MWZkMDVjMzBjOTA3MyIsInVzZXJfaWQiOjl9.GWqnTKjnfECrKyIRLDzWGSurFSXMuvecXZSM6O2u_Qc", "created_at": "2026-06-06T17:21:31.095Z", "expires_at": "2026-06-13T17:21:31Z"}}, {"model": "token_blacklist.outstandingtoken", "pk": 114, "fields": {"user": 8, "jti": "829c7eb04ab64a84ac4b53182b26d2b7", "token": "eyJhbGciOiJIUzI1NiIsInR5cCI6IkpXVCJ9.eyJ0b2tlbl90eXBlIjoicmVmcmVzaCIsImV4cCI6MTc4MTM3MTQ3MCwiaWF0IjoxNzgwNzY2NjcwLCJqdGkiOiI4MjljN2ViMDRhYjY0YTg0YWM0YjUzMTgyYjI2ZDJiNyIsInVzZXJfaWQiOjh9.zYPABeMy33AWDXkxamPwJ2F6eXh_vXEm6SsgRW-6iAQ", "created_at": "2026-06-06T17:24:30.395Z", "expires_at": "2026-06-13T17:24:30Z"}}, {"model": "token_blacklist.outstandingtoken", "pk": 115, "fields": {"user": 9, "jti": "ef13c26bbe384a5ea535ea67400bfa63", "token": "eyJhbGciOiJIUzI1NiIsInR5cCI6IkpXVCJ9.eyJ0b2tlbl90eXBlIjoicmVmcmVzaCIsImV4cCI6MTc4MTM4MjM0MiwiaWF0IjoxNzgwNzc3NTQyLCJqdGkiOiJlZjEzYzI2YmJlMzg0YTVlYTUzNWVhNjc0MDBiZmE2MyIsInVzZXJfaWQiOjl9.A9Nw0I0smEytWLm_KZ8agcDNnsIj-Wo8Mz1pfZqlMq4", "created_at": "2026-06-06T20:25:42.669Z", "expires_at": "2026-06-13T20:25:42Z"}}, {"model": "token_blacklist.outstandingtoken", "pk": 116, "fields": {"user": 8, "jti": "2c8b80eb99454672914f6f86d59e019e", "token": "eyJhbGciOiJIUzI1NiIsInR5cCI6IkpXVCJ9.eyJ0b2tlbl90eXBlIjoicmVmcmVzaCIsImV4cCI6MTc4MTM4MjQ1NywiaWF0IjoxNzgwNzc3NjU3LCJqdGkiOiIyYzhiODBlYjk5NDU0NjcyOTE0ZjZmODZkNTllMDE5ZSIsInVzZXJfaWQiOjh9.zLdBTcTV9_ICuASzxlI17LCLTBPSffPVesHqq4NIb3Y", "created_at": "2026-06-06T20:27:37.782Z", "expires_at": "2026-06-13T20:27:37Z"}}, {"model": "token_blacklist.outstandingtoken", "pk": 117, "fields": {"user": 9, "jti": "9e862c4f80f245edbbbbaa2c511bf79d", "token": "eyJhbGciOiJIUzI1NiIsInR5cCI6IkpXVCJ9.eyJ0b2tlbl90eXBlIjoicmVmcmVzaCIsImV4cCI6MTc4MTM4ODMxMSwiaWF0IjoxNzgwNzgzNTExLCJqdGkiOiI5ZTg2MmM0ZjgwZjI0NWVkYmJiYmFhMmM1MTFiZjc5ZCIsInVzZXJfaWQiOjl9.Na7AylY-hkuVHhz6qPhJ24IPf2Yxtk2GqNVbzBK_x5o", "created_at": "2026-06-06T22:05:11.867Z", "expires_at": "2026-06-13T22:05:11Z"}}, {"model": "token_blacklist.outstandingtoken", "pk": 118, "fields": {"user": 8, "jti": "15c0f9f243ef42c7863a74800fef5a9e", "token": "eyJhbGciOiJIUzI1NiIsInR5cCI6IkpXVCJ9.eyJ0b2tlbl90eXBlIjoicmVmcmVzaCIsImV4cCI6MTc4MTM4ODQ4OCwiaWF0IjoxNzgwNzgzNjg4LCJqdGkiOiIxNWMwZjlmMjQzZWY0MmM3ODYzYTc0ODAwZmVmNWE5ZSIsInVzZXJfaWQiOjh9.LFUF_4naQRORmyoY8ko_AiSKnP67lF2cj_qPJVcmCys", "created_at": "2026-06-06T22:08:08.367Z", "expires_at": "2026-06-13T22:08:08Z"}}, {"model": "token_blacklist.outstandingtoken", "pk": 119, "fields": {"user": 8, "jti": "5535d6c5388146f8a1343dbda604898a", "token": "eyJhbGciOiJIUzI1NiIsInR5cCI6IkpXVCJ9.eyJ0b2tlbl90eXBlIjoicmVmcmVzaCIsImV4cCI6MTc4MTM5MTc1MCwiaWF0IjoxNzgwNzg2OTUwLCJqdGkiOiI1NTM1ZDZjNTM4ODE0NmY4YTEzNDNkYmRhNjA0ODk4YSIsInVzZXJfaWQiOjh9.UUn23W8zR_T6f0z9XksAxkgOiqw-qzM9aJVqVzdnJ8Y", "created_at": "2026-06-06T23:02:30.539Z", "expires_at": "2026-06-13T23:02:30Z"}}, {"model": "token_blacklist.outstandingtoken", "pk": 120, "fields": {"user": 8, "jti": "20d67d27e2df48d9a72645b37dd6adda", "token": "eyJhbGciOiJIUzI1NiIsInR5cCI6IkpXVCJ9.eyJ0b2tlbl90eXBlIjoicmVmcmVzaCIsImV4cCI6MTc4MTM5MzIwOCwiaWF0IjoxNzgwNzg4NDA4LCJqdGkiOiIyMGQ2N2QyN2UyZGY0OGQ5YTcyNjQ1YjM3ZGQ2YWRkYSIsInVzZXJfaWQiOjh9.kdLk6KoHm-9dtiIkJIzhld3ITfbbiecYT3CtHWLMr1A", "created_at": "2026-06-06T23:26:48.504Z", "expires_at": "2026-06-13T23:26:48Z"}}, {"model": "token_blacklist.blacklistedtoken", "pk": 1, "fields": {"token": 1, "blacklisted_at": "2025-12-15T19:50:55.246Z"}}, {"model": "token_blacklist.blacklistedtoken", "pk": 2, "fields": {"token": 5, "blacklisted_at": "2025-12-17T13:43:17.093Z"}}, {"model": "token_blacklist.blacklistedtoken", "pk": 3, "fields": {"token": 6, "blacklisted_at": "2025-12-17T13:44:28.093Z"}}, {"model": "token_blacklist.blacklistedtoken", "pk": 4, "fields": {"token": 10, "blacklisted_at": "2025-12-17T19:28:39.461Z"}}, {"model": "token_blacklist.blacklistedtoken", "pk": 5, "fields": {"token": 11, "blacklisted_at": "2025-12-17T19:53:03.014Z"}}, {"model": "token_blacklist.blacklistedtoken", "pk": 6, "fields": {"token": 13, "blacklisted_at": "2025-12-17T21:24:32.361Z"}}, {"model": "token_blacklist.blacklistedtoken", "pk": 7, "fields": {"token": 119, "blacklisted_at": "2026-06-06T23:03:02.267Z"}}, {"model": "users.user", "pk": 1, "fields": {"password": "pbkdf2_sha256$600000$11mzVzI75TPqEiNnqlc1I9$Q+ikiYlWDJqDokJzQ8V9RNr4wetcAecrWfuDH1QozUQ=", "last_login": "2025-12-15T12:29:24.994Z", "is_superuser": true, "email": "admin@plantcare.com", "username": "admin", "language": "uk", "is_premium": false, "premium_start_date": null, "premium_end_date": null, "is_admin": true, "is_active": true, "is_staff": true, "created_at": "2025-12-11T12:03:04.540Z", "updated_at": "2025-12-11T12:03:04.541Z", "groups": [], "user_permissions": []}}, {"model": "users.user", "pk": 2, "fields": {"password": "pbkdf2_sha256$600000$IE4VVIQYtG700IC0mDzMru$rJN8kgO6D9BOVpQ7hbs5/EysO6CQLexd2VNu35slJE8=", "last_login": null, "is_superuser": false, "email": "test@test.com", "username": "Test", "language": "uk", "is_premium": true, "premium_start_date": "2025-12-15", "premium_end_date": "2026-01-14", "is_admin": false, "is_active": true, "is_staff": false, "created_at": "2025-12-15T15:40:08.755Z", "updated_at": "2025-12-15T19:56:39.810Z", "groups": [], "user_permissions": []}}, {"model": "users.user", "pk": 3, "fields": {"password": "pbkdf2_sha256$600000$aRMJYADiCDKPV2r6K8v56x$4kd1pRFBicORmmoUJhIJwIq9vYu2yDA6A7kMcUZ1jmw=", "last_login": null, "is_superuser": false, "email": "test@example.com", "username": "TestUser", "language": "en", "is_premium": false, "premium_start_date": "2026-06-07", "premium_end_date": "2026-07-07", "is_admin": false, "is_active": false, "is_staff": false, "created_at": "2025-12-15T19:17:35.927Z", "updated_at": "2026-06-06T22:05:57.346Z", "groups": [], "user_permissions": []}}, {"model": "users.user", "pk": 5, "fields": {"password": "pbkdf2_sha256$600000$bGAIQ3R2vQyS7Aserrh6om$6l6FDSkCvB7fbRhh+OCndsjTF0ffCCusG+xK5aLWvfU=", "last_login": null, "is_superuser": false, "email": "test1@example.com", "username": "TestUser", "language": "uk", "is_premium": false, "premium_start_date": null, "premium_end_date": null, "is_admin": false, "is_active": true, "is_staff": false, "created_at": "2025-12-17T18:51:33.310Z", "updated_at": "2025-12-17T18:51:33.310Z", "groups": [], "user_permissions": []}}, {"model": "users.user", "pk": 6, "fields": {"password": "pbkdf2_sha256$600000$l9XK39OnbUVVOJJUBsRSkS$6fI41Y5ic1upZXSO3N8eGl5iNSeiLwCZ5Vs7HFaH9jE=", "last_login": null, "is_superuser": false, "email": "qwerty@example.com", "username": "qqqqqqqqqqq", "language": "uk", "is_premium": true, "premium_start_date": "2025-12-18", "premium_end_date": "2026-01-17", "is_admin": false, "is_active": true, "is_staff": false, "created_at": "2025-12-18T09:43:06.952Z", "updated_at": "2025-12-18T09:52:29.483Z", "groups": [], "user_permissions": []}}, {"model": "users.user", "pk": 7, "fields": {"password": "pbkdf2_sha256$600000$WPkUYexqw5HDTX90dLTY19$4/Uj9Fc4zqAlLh1h77vxIPCrmUVaGkIayBKk2lKTKxc=", "last_login": null, "is_superuser": false, "email": "arduino@plantcare.com", "username": "Arduino User", "language": "uk", "is_premium": true, "premium_start_date": "2025-12-26", "premium_end_date": "2026-01-25", "is_admin": false, "is_active": true, "is_staff": false, "created_at": "2025-12-26T12:46:29.489Z", "updated_at": "2025-12-26T12:47:58.405Z", "groups": [], "user_permissions": []}}, {"model": "users.user", "pk": 8, "fields": {"password": "pbkdf2_sha256$600000$9WXTBsiLAISUF36ZDBBOga$q8DHKKmA0CDLpdK1CJ/7n1i4Rb3mQ+vu4qyXgLinl4Y=", "last_login": null, "is_superuser": false, "email": "mobtest@example.com", "username": "mobtest", "language": "uk", "is_premium": true, "premium_start_date": "2026-06-05", "premium_end_date": "2026-07-05", "is_admin": false, "is_active": true, "is_staff": false, "created_at": "2026-06-04T18:42:58.653Z", "updated_at": "2026-06-06T22:08:32.724Z", "groups": [], "user_permissions": []}}, {"model": "users.user", "pk": 9, "fields": {"password": "pbkdf2_sha256$600000$wT46V2gnpui5iQNZHPr1d9$Vf4ws49akMEojDA0qQn6SSbKrctmG3uMokoD3+gVkjU=", "last_login": null, "is_superuser": true, "email": "admin@homeplant.com", "username": "admin", "language": "uk", "is_premium": false, "premium_start_date": null, "premium_end_date": null, "is_admin": true, "is_active": true, "is_staff": true, "created_at": "2026-06-05T12:35:32.552Z", "updated_at": "2026-06-05T12:35:32.554Z", "groups": [], "user_permissions": []}}, {"model": "plants.userplant", "pk": 1, "fields": {"user": 3, "plant_type": 1, "custom_name": "Мій перший фікус", "location": "Вітальня, біля вікна", "photo": "", "last_watered_date": "2024-12-10", "last_fertilized_date": "2024-12-01", "last_repotted_date": null, "next_watering_date": "2024-12-17", "next_fertilizing_date": "2024-12-31", "next_repotting_date": null, "status": "critical", "has_sensor": false, "notes": "Щойно куплений у магазині", "created_at": "2025-12-15T19:32:12.650Z", "updated_at": "2025-12-15T19:32:12.650Z"}}, {"model": "plants.userplant", "pk": 2, "fields": {"user": 5, "plant_type": 6, "custom_name": "любімка", "location": "вітальня", "photo": "", "last_watered_date": "2025-12-19", "last_fertilized_date": "2025-12-12", "last_repotted_date": "2025-12-11", "next_watering_date": "2025-12-24", "next_fertilizing_date": "2026-01-02", "next_repotting_date": "2026-12-06", "status": "healthy", "has_sensor": false, "notes": "найкраща", "created_at": "2025-12-17T19:20:04.468Z", "updated_at": "2025-12-17T19:49:40.114Z"}}, {"model": "plants.userplant", "pk": 3, "fields": {"user": 6, "plant_type": 5, "custom_name": "Aloechka", "location": "Вітальня", "photo": "", "last_watered_date": "2025-12-28", "last_fertilized_date": "2025-12-18", "last_repotted_date": "2025-12-18", "next_watering_date": "2026-01-07", "next_fertilizing_date": "2026-02-01", "next_repotting_date": "2028-06-05", "status": "healthy", "has_sensor": false, "notes": "нічого", "created_at": "2025-12-18T09:45:28.077Z", "updated_at": "2025-12-18T09:47:18.076Z"}}, {"model": "plants.userplant", "pk": 4, "fields": {"user": 7, "plant_type": 1, "custom_name": "Тестовий фікус для Arduino", "location": "На столі біля вікна", "photo": "", "last_watered_date": "2024-12-21", "last_fertilized_date": "2025-01-23", "last_repotted_date": "2025-12-26", "next_watering_date": "2024-12-28", "next_fertilizing_date": "2025-02-22", "next_repotting_date": "2027-12-16", "status": "critical", "has_sensor": false, "notes": "nothing", "created_at": "2025-12-26T13:29:30.090Z", "updated_at": "2025-12-26T13:52:23.242Z"}}, {"model": "plants.userplant", "pk": 5, "fields": {"user": 8, "plant_type": 1, "custom_name": "myfifi", "location": "bedroom", "photo": "", "last_watered_date": "2026-06-15", "last_fertilized_date": "2026-06-01", "last_repotted_date": null, "next_watering_date": "2026-06-22", "next_fertilizing_date": "2026-07-01", "next_repotting_date": null, "status": "healthy", "has_sensor": false, "notes": null, "created_at": "2026-06-05T00:00:09.534Z", "updated_at": "2026-06-06T23:27:55.538Z"}}, {"model": "plants.userplant", "pk": 6, "fields": {"user": 8, "plant_type": 5, "custom_name": "myaloe", "location": "bedroom", "photo": "", "last_watered_date": "2026-06-06", "last_fertilized_date": "2026-06-01", "last_repotted_date": null, "next_watering_date": "2026-06-16", "next_fertilizing_date": "2026-07-16", "next_repotting_date": null, "status": "healthy", "has_sensor": false, "notes": null, "created_at": "2026-06-05T00:05:59.119Z", "updated_at": "2026-06-06T22:08:49.620Z"}}, {"model": "plants.userplant", "pk": 8, "fields": {"user": 8, "plant_type": 2, "custom_name": "monst", "location": "bedroom", "photo": "", "last_watered_date": "2026-06-02", "last_fertilized_date": "2026-06-04", "last_repotted_date": null, "next_watering_date": "2026-06-07", "next_fertilizing_date": "2026-06-25", "next_repotting_date": null, "status": "healthy", "has_sensor": false, "notes": null, "created_at": "2026-06-06T22:09:15.940Z", "updated_at": "2026-06-06T22:09:15.940Z"}}, {"model": "plants.userplant", "pk": 9, "fields": {"user": 8, "plant_type": 3, "custom_name": "san", "location": "livingroom", "photo": "", "last_watered_date": "2026-06-02", "last_fertilized_date": "2026-06-01", "last_repotted_date": null, "next_watering_date": "2026-06-16", "next_fertilizing_date": "2026-07-31", "next_repotting_date": null, "status": "healthy", "has_sensor": false, "notes": null, "created_at": "2026-06-06T23:30:56.496Z", "updated_at": "2026-06-06T23:30:56.496Z"}}, {"model": "plant_types.planttype", "pk": 1, "fields": {"name_uk": "Фікус", "name_en": "Ficus", "scientific_name": "Ficus benjamina", "watering_frequency_days": 7, "fertilizing_frequency_days": 30, "repotting_frequency_months": 24, "optimal_temp_min": "18.0", "optimal_temp_max": "25.0", "optimal_humidity_min": 40, "optimal_humidity_max": 70, "optimal_light_min": 1000, "optimal_light_max": 3000, "description_uk": "Популярна кімнатна рослина з декоративним листям", "description_en": "Popular houseplant with decorative foliage", "care_tips_uk": "Уникайте прямих сонячних променів", "care_tips_en": "Avoid direct sunlight", "is_custom": false, "created_by_user": null, "created_at": "2025-12-15T15:22:41.294Z"}}, {"model": "plant_types.planttype", "pk": 2, "fields": {"name_uk": "Монстера", "name_en": "Monstera", "scientific_name": "Monstera deliciosa", "watering_frequency_days": 5, "fertilizing_frequency_days": 21, "repotting_frequency_months": 18, "optimal_temp_min": "20.0", "optimal_temp_max": "28.0", "optimal_humidity_min": 50, "optimal_humidity_max": 80, "optimal_light_min": 1500, "optimal_light_max": 4000, "description_uk": "Тропічна ліана з великим розрізним листям", "description_en": "Tropical vine with large split leaves", "care_tips_uk": "Потребує високої вологості", "care_tips_en": "Requires high humidity", "is_custom": false, "created_by_user": null, "created_at": "2025-12-15T15:22:41.296Z"}}, {"model": "plant_types.planttype", "pk": 3, "fields": {"name_uk": "Сансевієрія", "name_en": "Snake Plant", "scientific_name": "Sansevieria trifasciata", "watering_frequency_days": 14, "fertilizing_frequency_days": 60, "repotting_frequency_months": 36, "optimal_temp_min": "15.0", "optimal_temp_max": "30.0", "optimal_humidity_min": 30, "optimal_humidity_max": 60, "optimal_light_min": 500, "optimal_light_max": 2000, "description_uk": "Невибаглива рослина для початківців", "description_en": "Low-maintenance plant for beginners", "care_tips_uk": "Рідкий полив, витримує посуху", "care_tips_en": "Infrequent watering, drought tolerant", "is_custom": false, "created_by_user": null, "created_at": "2025-12-15T15:22:41.296Z"}}, {"model": "plant_types.planttype", "pk": 4, "fields": {"name_uk": "Потос", "name_en": "Pothos", "scientific_name": "Epipremnum aureum", "watering_frequency_days": 7, "fertilizing_frequency_days": 30, "repotting_frequency_months": 24, "optimal_temp_min": "18.0", "optimal_temp_max": "27.0", "optimal_humidity_min": 40, "optimal_humidity_max": 70, "optimal_light_min": 800, "optimal_light_max": 2500, "description_uk": "Ампельна рослина з серцеподібним листям", "description_en": "Trailing plant with heart-shaped leaves", "care_tips_uk": "Легко розмножується живцями", "care_tips_en": "Easy to propagate from cuttings", "is_custom": false, "created_by_user": null, "created_at": "2025-12-15T15:22:41.297Z"}}, {"model": "plant_types.planttype", "pk": 5, "fields": {"name_uk": "Алое", "name_en": "Aloe", "scientific_name": "Aloe vera", "watering_frequency_days": 10, "fertilizing_frequency_days": 45, "repotting_frequency_months": 30, "optimal_temp_min": "18.0", "optimal_temp_max": "30.0", "optimal_humidity_min": 30, "optimal_humidity_max": 50, "optimal_light_min": 2000, "optimal_light_max": 5000, "description_uk": "Сукулент з лікувальними властивостями", "description_en": "Succulent with medicinal properties", "care_tips_uk": "Потребує яскравого світла", "care_tips_en": "Needs bright light", "is_custom": false, "created_by_user": null, "created_at": "2025-12-15T15:22:41.297Z"}}, {"model": "plant_types.planttype", "pk": 6, "fields": {"name_uk": "Фіалка", "name_en": "African Violet", "scientific_name": "Saintpaulia ionantha", "watering_frequency_days": 5, "fertilizing_frequency_days": 21, "repotting_frequency_months": 12, "optimal_temp_min": "20.0", "optimal_temp_max": "24.0", "optimal_humidity_min": 50, "optimal_humidity_max": 70, "optimal_light_min": 800, "optimal_light_max": 2000, "description_uk": "Компактна кімнатна рослина з оксамитовим листям та яскравими квітами", "description_en": "A compact houseplant with velvety leaves and bright flowers", "care_tips_uk": "Поливайте теплою водою під корінь, уникаючи потрапляння води на листя", "care_tips_en": "Water with warm water at the base, avoiding water on the leaves", "is_custom": true, "created_by_user": 5, "created_at": "2025-12-17T19:05:12.248Z"}}, {"model": "sensors.sensordata", "pk": 1, "fields": {"user_plant": 1, "temperature": "23.5", "soil_humidity": null, "air_humidity": "55.20", "light_level": 1250, "recorded_at": "2025-12-26T10:55:37.565Z"}}, {"model": "sensors.sensordata", "pk": 2, "fields": {"user_plant": 4, "temperature": "0.5", "soil_humidity": null, "air_humidity": "0.00", "light_level": 257, "recorded_at": "2025-12-26T22:56:58.350Z"}}, {"model": "sensors.sensordata", "pk": 3, "fields": {"user_plant": 4, "temperature": "21.1", "soil_humidity": null, "air_humidity": "49.00", "light_level": 266, "recorded_at": "2025-12-26T22:57:58.399Z"}}, {"model": "sensors.sensordata", "pk": 4, "fields": {"user_plant": 4, "temperature": "21.3", "soil_humidity": null, "air_humidity": "49.00", "light_level": 262, "recorded_at": "2025-12-26T22:58:58.435Z"}}, {"model": "sensors.sensordata", "pk": 5, "fields": {"user_plant": 4, "temperature": "21.2", "soil_humidity": null, "air_humidity": "49.00", "light_level": 246, "recorded_at": "2025-12-26T22:59:58.524Z"}}, {"model": "sensors.sensordata", "pk": 6, "fields": {"user_plant": 4, "temperature": "21.2", "soil_humidity": null, "air_humidity": "49.00", "light_level": 4338, "recorded_at": "2025-12-26T23:00:58.495Z"}}, {"model": "sensors.sensordata", "pk": 7, "fields": {"user_plant": 4, "temperature": "21.9", "soil_humidity": null, "air_humidity": "49.00", "light_level": 255, "recorded_at": "2025-12-26T23:01:58.595Z"}}, {"model": "sensors.sensordata", "pk": 8, "fields": {"user_plant": 4, "temperature": "21.3", "soil_humidity": null, "air_humidity": "49.00", "light_level": 262, "recorded_at": "2025-12-26T23:02:58.659Z"}}, {"model": "sensors.sensordata", "pk": 9, "fields": {"user_plant": 4, "temperature": "21.7", "soil_humidity": null, "air_humidity": "49.00", "light_level": 264, "recorded_at": "2025-12-26T23:03:58.703Z"}}, {"model": "sensors.sensordata", "pk": 10, "fields": {"user_plant": 4, "temperature": "21.7", "soil_humidity": null, "air_humidity": "49.00", "light_level": 253, "recorded_at": "2025-12-26T23:04:58.691Z"}}, {"model": "sensors.sensordata", "pk": 11, "fields": {"user_plant": 4, "temperature": "0.7", "soil_humidity": null, "air_humidity": "0.00", "light_level": 689, "recorded_at": "2025-12-27T10:23:36.318Z"}}, {"model": "sensors.sensordata", "pk": 12, "fields": {"user_plant": 4, "temperature": "22.0", "soil_humidity": null, "air_humidity": "48.00", "light_level": 887, "recorded_at": "2025-12-27T10:24:36.316Z"}}, {"model": "sensors.sensordata", "pk": 13, "fields": {"user_plant": 4, "temperature": "22.3", "soil_humidity": null, "air_humidity": "47.00", "light_level": 2393, "recorded_at": "2025-12-27T10:25:36.425Z"}}, {"model": "sensors.sensordata", "pk": 14, "fields": {"user_plant": 4, "temperature": "22.2", "soil_humidity": null, "air_humidity": "47.00", "light_level": 1189, "recorded_at": "2025-12-27T10:26:36.476Z"}}, {"model": "sensors.sensordata", "pk": 15, "fields": {"user_plant": 4, "temperature": "22.1", "soil_humidity": null, "air_humidity": "47.00", "light_level": 874, "recorded_at": "2025-12-27T10:27:36.469Z"}}, {"model": "care.carelog", "pk": 1, "fields": {"user_plant": 1, "scheduled_date": "2024-12-17", "task_type": "watering", "is_completed": false, "completed_at": null, "skipped": true, "auto_adjusted": false, "notes": null, "created_at": "2025-12-15T19:32:12.652Z"}}, {"model": "care.carelog", "pk": 2, "fields": {"user_plant": 1, "scheduled_date": "2024-12-31", "task_type": "fertilizing", "is_completed": false, "completed_at": null, "skipped": false, "auto_adjusted": false, "notes": null, "created_at": "2025-12-15T19:32:12.653Z"}}, {"model": "care.carelog", "pk": 3, "fields": {"user_plant": 2, "scheduled_date": "2025-12-19", "task_type": "watering", "is_completed": true, "completed_at": "2025-12-17T19:49:40.113Z", "skipped": false, "auto_adjusted": false, "notes": "nothing", "created_at": "2025-12-17T19:20:04.470Z"}}, {"model": "care.carelog", "pk": 4, "fields": {"user_plant": 2, "scheduled_date": "2026-01-02", "task_type": "fertilizing", "is_completed": false, "completed_at": null, "skipped": false, "auto_adjusted": false, "notes": null, "created_at": "2025-12-17T19:20:04.471Z"}}, {"model": "care.carelog", "pk": 5, "fields": {"user_plant": 2, "scheduled_date": "2026-12-06", "task_type": "repotting", "is_completed": false, "completed_at": null, "skipped": true, "auto_adjusted": false, "notes": null, "created_at": "2025-12-17T19:20:04.472Z"}}, {"model": "care.carelog", "pk": 6, "fields": {"user_plant": 2, "scheduled_date": "2025-12-24", "task_type": "watering", "is_completed": false, "completed_at": null, "skipped": false, "auto_adjusted": false, "notes": null, "created_at": "2025-12-17T19:49:40.116Z"}}, {"model": "care.carelog", "pk": 7, "fields": {"user_plant": 3, "scheduled_date": "2025-12-28", "task_type": "watering", "is_completed": true, "completed_at": "2025-12-18T09:47:18.074Z", "skipped": false, "auto_adjusted": false, "notes": null, "created_at": "2025-12-18T09:45:28.089Z"}}, {"model": "care.carelog", "pk": 8, "fields": {"user_plant": 3, "scheduled_date": "2026-02-01", "task_type": "fertilizing", "is_completed": false, "completed_at": null, "skipped": false, "auto_adjusted": false, "notes": null, "created_at": "2025-12-18T09:45:28.090Z"}}, {"model": "care.carelog", "pk": 9, "fields": {"user_plant": 3, "scheduled_date": "2028-06-05", "task_type": "repotting", "is_completed": false, "completed_at": null, "skipped": false, "auto_adjusted": false, "notes": null, "created_at": "2025-12-18T09:45:28.091Z"}}, {"model": "care.carelog", "pk": 10, "fields": {"user_plant": 3, "scheduled_date": "2026-01-07", "task_type": "watering", "is_completed": false, "completed_at": null, "skipped": false, "auto_adjusted": false, "notes": null, "created_at": "2025-12-18T09:47:18.080Z"}}, {"model": "care.carelog", "pk": 12, "fields": {"user_plant": 4, "scheduled_date": "2025-01-23", "task_type": "fertilizing", "is_completed": true, "completed_at": "2025-12-26T13:52:23.241Z", "skipped": false, "auto_adjusted": false, "notes": null, "created_at": "2025-12-26T13:29:30.094Z"}}, {"model": "care.carelog", "pk": 13, "fields": {"user_plant": 4, "scheduled_date": "2027-12-16", "task_type": "repotting", "is_completed": false, "completed_at": null, "skipped": false, "auto_adjusted": false, "notes": null, "created_at": "2025-12-26T13:29:30.095Z"}}, {"model": "care.carelog", "pk": 14, "fields": {"user_plant": 4, "scheduled_date": "2024-12-28", "task_type": "watering", "is_completed": false, "completed_at": null, "skipped": false, "auto_adjusted": false, "notes": null, "created_at": "2025-12-26T13:52:23.247Z"}}, {"model": "care.carelog", "pk": 15, "fields": {"user_plant": 4, "scheduled_date": "2025-02-22", "task_type": "fertilizing", "is_completed": false, "completed_at": null, "skipped": false, "auto_adjusted": false, "notes": null, "created_at": "2025-12-26T13:52:23.248Z"}}, {"model": "care.carelog", "pk": 16, "fields": {"user_plant": 5, "scheduled_date": "2026-06-08", "task_type": "watering", "is_completed": true, "completed_at": "2026-06-06T22:09:30.533Z", "skipped": false, "auto_adjusted": false, "notes": null, "created_at": "2026-06-05T00:00:09.540Z"}}, {"model": "care.carelog", "pk": 17, "fields": {"user_plant": 5, "scheduled_date": "2026-07-01", "task_type": "fertilizing", "is_completed": false, "completed_at": null, "skipped": false, "auto_adjusted": false, "notes": null, "created_at": "2026-06-05T00:00:09.542Z"}}, {"model": "care.carelog", "pk": 18, "fields": {"user_plant": 6, "scheduled_date": "2026-06-06", "task_type": "watering", "is_completed": true, "completed_at": "2026-06-05T06:43:10.420Z", "skipped": false, "auto_adjusted": false, "notes": null, "created_at": "2026-06-05T00:05:59.123Z"}}, {"model": "care.carelog", "pk": 19, "fields": {"user_plant": 6, "scheduled_date": "2026-07-16", "task_type": "fertilizing", "is_completed": false, "completed_at": null, "skipped": false, "auto_adjusted": false, "notes": null, "created_at": "2026-06-05T00:05:59.125Z"}}, {"model": "care.carelog", "pk": 20, "fields": {"user_plant": 6, "scheduled_date": "2026-06-16", "task_type": "watering", "is_completed": false, "completed_at": null, "skipped": false, "auto_adjusted": false, "notes": null, "created_at": "2026-06-05T06:43:10.432Z"}}, {"model": "care.carelog", "pk": 23, "fields": {"user_plant": 8, "scheduled_date": "2026-06-07", "task_type": "watering", "is_completed": false, "completed_at": null, "skipped": false, "auto_adjusted": false, "notes": null, "created_at": "2026-06-06T22:09:15.945Z"}}, {"model": "care.carelog", "pk": 24, "fields": {"user_plant": 8, "scheduled_date": "2026-06-25", "task_type": "fertilizing", "is_completed": false, "completed_at": null, "skipped": false, "auto_adjusted": false, "notes": null, "created_at": "2026-06-06T22:09:15.947Z"}}, {"model": "care.carelog", "pk": 25, "fields": {"user_plant": 5, "scheduled_date": "2026-06-15", "task_type": "watering", "is_completed": true, "completed_at": "2026-06-06T23:27:55.531Z", "skipped": false, "auto_adjusted": false, "notes": null, "created_at": "2026-06-06T22:09:30.544Z"}}, {"model": "care.carelog", "pk": 26, "fields": {"user_plant": 5, "scheduled_date": "2026-06-22", "task_type": "watering", "is_completed": false, "completed_at": null, "skipped": false, "auto_adjusted": false, "notes": null, "created_at": "2026-06-06T23:27:55.544Z"}}, {"model": "care.carelog", "pk": 27, "fields": {"user_plant": 9, "scheduled_date": "2026-06-16", "task_type": "watering", "is_completed": false, "completed_at": null, "skipped": false, "auto_adjusted": false, "notes": null, "created_at": "2026-06-06T23:30:56.500Z"}}, {"model": "care.carelog", "pk": 28, "fields": {"user_plant": 9, "scheduled_date": "2026-07-31", "task_type": "fertilizing", "is_completed": false, "completed_at": null, "skipped": false, "auto_adjusted": false, "notes": null, "created_at": "2026-06-06T23:30:56.502Z"}}]